TractFIPS,TractFIPS_2018_str,StateAbbr,StateDesc,CityName,Annual Checkup,Arthritis,Binge Drinking,COPD,Cancer (except skin),Cholesterol Screening,Chronic Kidney Disease,Colorectal Cancer Screening,Core preventive services for older men,Core preventive services for older women,Coronary Heart Disease,Current Asthma,Current Smoking,Dental Visit,Diabetes,Health Insurance,High Blood Pressure,High Cholesterol,Mammography,Mental Health,Obesity,Pap Smear Test,Physical Health,Physical Inactivity,Sleep <7 hours,Stroke,Taking BP Medication,Teeth Loss
47037010103,47037010103,TN,Tennessee,Nashville,70.6,32.6,16,8.9,8,83.5,2.9,68,34.3,38.5,7.8,9.8,21.7,68.3,10.8,11.1,37.8,42.4,77.5,12.6,29.6,83.2,14.3,25.2,36.2,3.3,81.4,13.2
47037010104,47037010104,TN,Tennessee,Nashville,70.4,32.9,15.6,9.3,7.8,82.6,3,66.3,32.2,37,8,10.1,23.1,65.7,11.4,12,37.8,42.1,77.8,13.3,30.6,82.8,15,27.1,37.1,3.6,81.4,14.9
47037010105,47037010105,TN,Tennessee,Nashville,78.4,32,12.4,7.6,6.7,82.4,3.4,69.9,26.3,33.7,7,11.2,19.8,63.3,15.9,13.5,47.6,40.8,83.5,11.9,37.5,86.2,13.9,28.3,43.1,4.3,84.6,15.1
47037010106,47037010106,TN,Tennessee,Nashville,74.2,29.8,12.7,8.8,5.6,75.4,3.5,60.6,25.6,29.3,6.8,12.1,26.2,53.1,14.4,18.2,44.3,38.7,81.7,15.4,40.3,86.3,16.3,33,45.9,4.4,79.9,22
47037010201,47037010201,TN,Tennessee,Nashville,73.2,28.4,15.3,7.1,6.6,80.5,2.8,68.4,32.6,38.1,6.3,10.2,19.6,66.7,11.2,12.7,38.8,38.7,80,12,32.6,85.4,12.7,24.8,39.7,3.2,80.5,12.9
47037010202,47037010202,TN,Tennessee,Nashville,70.9,32.7,16,8.9,8.1,83.3,2.9,68.4,33.8,39.4,7.8,9.8,21.4,68.7,11,11.1,38.2,42.8,77.4,12.5,29.4,82.8,14.2,25.2,36.2,3.3,81.7,12.9
47037010401,47037010401,TN,Tennessee,Nashville,68,30.1,14.2,10.6,6.1,71.7,3.5,58.9,27.1,30.2,8,11.8,28.3,50.7,12.6,23,37.1,39.6,76.7,17.1,35.6,82.7,18,34.8,42.1,4.3,77.1,25.1
47037010402,47037010402,TN,Tennessee,Nashville,66.6,31.1,12.6,12.8,5.1,65.6,4,50.4,21.9,24.8,8.4,12.8,35.1,39,15.1,27.8,40.4,41.6,77.7,20.9,42.1,82.5,21.9,42.1,45.7,5.2,76,34.2
47037010501,47037010501,TN,Tennessee,Nashville,68.3,31,16,9.5,7,77.7,3.1,64.2,31.2,34.6,7.3,10.7,24.8,62.1,10.7,14,36.6,40.8,77.5,14.8,31.7,83.5,15.5,27.7,38.4,3.5,78.8,16.7
47037010502,47037010502,TN,Tennessee,Nashville,68.1,27.3,16.7,7.9,5.7,78.5,2.7,63.5,30.6,34.9,5.8,10.5,24,62.7,10.3,13.9,33.5,37.1,79.2,14.2,32.5,84.2,14.1,26.5,39.9,3,77,15.3
47037010601,47037010601,TN,Tennessee,Nashville,70.1,27.1,16,7.6,6.2,76.7,2.7,64.6,31.8,35.5,6.2,10.5,22.6,62.6,10.3,17.1,35.9,37.8,78,13.5,31.9,84.1,13.6,27.6,40.1,3.1,78,16
47037010602,47037010602,TN,Tennessee,Nashville,70.3,28.8,14,9,5.7,73.3,3.3,60.3,26.9,30.2,6.9,11.5,26.1,54,12.8,20.1,39.7,39.1,79.8,15.7,37,84.7,16.3,32.6,43.1,4,78.4,21.7
47037010701,47037010701,TN,Tennessee,Nashville,66.8,29.4,14.1,10.7,5.1,70.5,3.5,54,24.8,27.4,7.4,11.8,30.9,47.6,13.1,22.4,37.8,39.6,78.6,18.2,38.7,83,18.9,36,43.6,4.3,76.2,26.5
47037010702,47037010702,TN,Tennessee,Nashville,70.7,37.6,11,14.7,7.5,71.4,5.1,53.3,23.2,24.4,11.7,12.4,30.3,42.1,18.1,26.3,46.1,45.7,77.1,18.7,39.9,82.4,23.1,42.9,43.3,6.9,81.7,32.9
47037010801,47037010801,TN,Tennessee,Nashville,71.1,27.9,15.2,8,6,75.6,2.9,64.2,30.9,34.7,6.3,11,23.3,60.5,11.1,16.4,37.5,38.1,79.4,14.3,34.1,84.5,14.3,28.5,41.6,3.3,78.4,16.5
47037010802,47037010802,TN,Tennessee,Nashville,74.4,36.8,12.3,10.2,9.3,82.9,4,65.6,30.5,32.7,9.9,10.3,20.2,62.3,14,14.6,43,42.9,78.3,12.6,31.5,84.2,16.3,30.8,37.5,5,84.1,17.6
47037010901,47037010901,TN,Tennessee,Nashville,72.4,28.4,15.9,7.3,6.8,79.1,2.8,67.8,33.1,38.4,6.5,10.2,20.2,66.7,10.7,13.1,38.5,39.2,79.4,12.3,31.4,84.8,12.8,24.9,39.2,3.2,80.1,13.6
47037010903,47037010903,TN,Tennessee,Nashville,72.7,27.9,12.2,9.4,4.1,68.8,3.6,54.7,21,25.2,6,13.6,31.1,43.8,15.4,23.7,44,37.3,83.3,18.6,45,85.5,18.4,38,49.8,4.7,77.2,28.9
47037010904,47037010904,TN,Tennessee,Nashville,76.8,32.3,10.4,10.3,5.4,73.5,4.2,58.6,21.4,26.8,7.6,13.9,27.8,46.7,18,21,46.9,39.6,82.9,17.3,43.9,85.1,18.8,38.1,48.2,5.7,81.4,27.6
47037011001,47037011001,TN,Tennessee,Nashville,71.1,30.8,12.3,11,5.1,70.5,3.9,54.6,22.1,26.4,7.7,13.1,31.2,44.5,16,23.6,42.9,40.1,80.7,18.6,41.6,83.4,19.6,38.8,46.8,5.2,79,29.7
47037011002,47037011002,TN,Tennessee,Nashville,71.2,27.9,14.8,8.1,6,76,3,63.3,29.5,33.3,6.5,11.1,23.3,59.6,11.5,16.1,37,37.3,80.2,14.3,34.1,84.8,14.4,28.6,41.4,3.6,78.2,17.7
47037011100,47037011100,TN,Tennessee,Nashville,68.9,28.9,16.7,7.9,6.9,78.9,2.8,65.6,32.4,35.4,6.7,10,22,65.9,9.8,13,35.5,39.3,78.4,13.1,30,84.4,13.6,25.3,37.6,3.1,78.5,14.5
47037011200,47037011200,TN,Tennessee,Nashville,68,25.8,17.2,7.3,5.7,76.8,2.6,64.3,31,34.9,5.6,10.3,23,63.9,9.4,13.4,33.6,36.5,79.9,13.7,31.7,85.3,13.1,24.9,39.3,2.9,76.2,14.6
47037011300,47037011300,TN,Tennessee,Nashville,69.1,28,14.3,9.4,5,69.9,3.3,57.6,24.4,29.6,6.6,12,28.8,50.1,13.4,22.8,40.1,39.5,79.4,16.9,38.3,83.4,17.3,34.7,44.5,4.1,77.3,24.8
47037011400,47037011400,TN,Tennessee,Nashville,71.5,26.1,14.8,7.3,5,72.4,3,63.4,25,30.9,5.7,11.4,23.4,57.8,12.3,16.1,39.7,37.2,82.6,14.4,36.4,85.7,13.9,28.6,43,3.7,78.5,19.2
47037011500,47037011500,TN,Tennessee,Nashville,70.6,27.7,16.6,7.1,6.7,79.6,2.7,67.7,33.2,37.3,6.2,9.9,20.6,67.4,10,11.9,36.1,38.1,79.9,12.3,30.3,85.2,12.5,24.2,38.2,3,79.3,13.3
47037011600,47037011600,TN,Tennessee,Nashville,70.6,26.8,16.6,6.7,6.3,79.3,2.7,67.7,32.5,36.3,5.9,9.9,19.9,67.2,10.1,11.8,36.1,37.4,81.2,12.1,31.3,86,12.2,23.6,38.8,3,79,12.9
47037011700,47037011700,TN,Tennessee,Nashville,67.2,20.5,19.6,5.6,4.3,71.2,2.2,65.5,29.5,34.6,4.2,9.9,21.4,64.7,8.2,13.7,30.3,32.6,81.7,13,30.6,85.7,11,22.6,39.7,2.3,72.8,14.3
47037011800,47037011800,TN,Tennessee,Nashville,73.3,30.1,11.4,10.4,4.7,71.9,4.1,55.6,18.9,24,7.1,14.2,30.5,43.6,16.8,23,43.2,36.8,83.1,18.9,44,85.8,19.3,38.4,48.6,5.6,78.9,31.6
47037011900,47037011900,TN,Tennessee,Nashville,70.4,24.3,14.8,7.3,4.2,68.6,3.1,60.4,21.9,26.7,5.4,11.8,25.5,52.5,12.6,19.5,38.6,35.5,83.5,15.8,38.5,85.5,14.6,31.1,44.9,3.8,76.4,23.1
47037012100,47037012100,TN,Tennessee,Nashville,66.2,21.2,20,5,5.3,79.4,2,69.3,35.6,40,4,9.1,17.7,73.3,6.5,9.4,27.1,32.7,81.2,11.2,26.8,86.8,9.6,18.1,35.7,1.9,72.9,9.2
47037012200,47037012200,TN,Tennessee,Nashville,66.2,20.7,20,5.1,4.9,78.5,2,68.7,35.2,40.4,4,9.5,18.5,71.7,6.8,10.3,26.5,31.7,80.7,11.6,27.5,86.7,9.9,18.7,36.3,1.9,72.3,9.8
47037012600,47037012600,TN,Tennessee,Nashville,71.4,29,12.5,10.5,4.4,69.4,3.9,55.4,19,23.7,6.8,13.9,32.5,42,16,24.3,41.3,36.8,81.8,19.5,43.6,84.8,19.3,38.9,48.5,5.2,77.5,31.6
47037012701,47037012701,TN,Tennessee,Nashville,77.3,34.2,9.9,11,5.6,74.1,4.7,58.7,19.1,24.6,8.6,13.7,28.2,43.8,20.4,21.9,50.2,41,83.5,17.3,46.1,85.8,19.8,40.1,49,6.7,82.7,30.7
47037012702,47037012702,TN,Tennessee,Nashville,77.7,32.2,11.7,8.5,6.2,78.8,3.9,64.2,23.4,29.1,7.6,12,22.5,56,17.2,16,48.9,40.5,83.8,13.7,40.6,86.6,15.9,32.2,45.8,5.2,83.5,20.8
47037012801,47037012801,TN,Tennessee,Nashville,78,36.8,9.8,11.2,6.6,76.9,5,60.4,20.4,25.6,9.8,13,25.8,47.7,21.4,19.5,53.3,44.1,83.1,16,44.6,86.1,19.8,38.4,47.2,7,84.8,27.3
47037012802,47037012802,TN,Tennessee,Nashville,75,35.1,10.6,11.3,6.4,76.4,4.4,58.8,21.1,25.3,8.8,13.3,28.4,48.1,18.1,20.1,46.9,41,81.4,17.4,41.6,84.3,19.7,38.7,46.3,6.2,83,28.5
47037013000,47037013000,TN,Tennessee,Nashville,64.3,17.5,25.9,5.5,3.4,65.5,1.8,62.6,28.8,,4.6,8.2,29.9,58.1,8.3,19.4,39.7,37.2,79.6,12.2,34.5,82.4,11.2,23.9,45.1,2.1,69.3,14.5
47037013100,47037013100,TN,Tennessee,Nashville,70.4,30.3,15.3,8.8,6.5,79.4,3,64.7,29.7,34.7,7.1,10.6,24.2,61.8,11.7,14.5,37.8,39.9,79.3,14,32.9,83.2,14.9,28.3,40.2,3.5,79.7,16.3
47037013201,47037013201,TN,Tennessee,Nashville,69.7,29.2,15.3,8,7.2,78.1,2.8,66.8,32.4,37.9,7.1,9.6,21.1,65.4,10.6,13.8,36.7,41.7,76.9,12.4,26.9,80.3,13.3,26.8,37.4,3.1,80.6,14.3
47037013202,47037013202,TN,Tennessee,Nashville,66,26.3,17.6,8.2,5.7,74.6,2.6,62.8,30.8,35.5,5.9,10.4,25.6,60.8,9.4,16.4,32.3,37.7,76.9,14.8,30.8,82.5,14.2,27.5,39.4,2.9,75.4,16.8
47037013300,47037013300,TN,Tennessee,Nashville,65.3,25.7,16.1,8.6,5,70.2,2.9,58.4,27.5,31.1,6.2,10.8,26.2,55,10.3,19.1,33.3,37.6,78.3,16,33.7,83.6,15.4,29.9,40.2,3.3,74.2,20.6
47037013400,47037013400,TN,Tennessee,Nashville,65.8,19.1,21.4,4,5.3,80.6,1.7,73.3,38.6,43.5,3.4,8.7,14.5,78.1,5.2,7.3,23,30.1,80.9,10,23.6,87.2,7.9,14.7,33.3,1.5,71.5,6.3
47037013500,47037013500,TN,Tennessee,Nashville,65.6,18.8,18.4,5.4,3.8,69.2,2.2,64.1,28,33.1,3.7,10.5,21.1,62.7,7.4,13.4,27.1,29.6,83.1,13.8,30.3,85.6,10.7,22.4,39.1,2.2,69.8,15.6
47037013601,47037013601,TN,Tennessee,Nashville,73.8,25.3,11.6,8.9,3.8,63,3.6,53.9,18.2,21.9,6.1,14.2,29.2,42.7,14.7,23.2,41,35.3,83.8,19.1,42.6,83.3,17.3,37.5,49.1,4.8,75.2,33
47037013602,47037013602,TN,Tennessee,Nashville,72.1,10.6,14.1,4.6,1.5,47.4,1.8,55,18.6,20.9,2.4,14.1,22.1,47.6,5.6,20.5,22.6,18.9,84.1,19.4,33.1,81.5,10.2,28.5,46.1,1.8,49.9,31.5
47037013700,47037013700,TN,Tennessee,Nashville,76.5,32.8,10.4,10.2,5.8,73.5,4.5,59,20.1,24.8,8.3,13.3,26.1,47.3,18.6,20.5,48.8,40.7,83.3,16.5,42.7,85.6,18.5,37.5,47.2,6.2,82.5,28.4
47037013800,47037013800,TN,Tennessee,Nashville,77.7,34.1,10.4,10.5,5.7,75.4,4.6,57.5,19.2,24.2,8.5,13.1,28.7,44.3,20.4,21.8,52,41.3,82.8,16.6,46.3,85.9,19.6,40.3,49.8,6.6,83.1,30.7
47037013900,47037013900,TN,Tennessee,Nashville,76.4,36.4,9.3,13,5.3,72.7,5.3,50.5,16.4,19.6,9.8,14.2,33.2,36.9,23,25,53,42.4,83.7,19.7,49.9,85.6,23.5,45.2,51.5,8,82.8,38.3
47037014200,47037014200,TN,Tennessee,Nashville,73.6,25.6,10.7,9.5,3.5,61.3,3.8,51.6,16.8,20.4,6,14.8,30.5,39,15.2,23.8,41,35,84.4,20.9,44.7,83.9,18.5,39.3,50.4,5.1,74.2,35.3
47037014300,47037014300,TN,Tennessee,Nashville,76.4,32.2,11,9.9,5.2,75.4,4.2,57.1,19.8,23.9,7.6,13.3,28.4,46.4,18.7,20.9,49.4,39.9,84,16.8,45,86,18.9,38,49.4,5.8,82.1,28.4
47037014400,47037014400,TN,Tennessee,Nashville,73.9,27,11.4,8.2,4.5,70.1,3.6,59.5,22.7,26.1,5.6,13.2,25.3,49.2,14.2,19.1,41.8,35.7,84.3,16.7,41.9,87.3,16.1,33.7,46.9,4.5,77.8,25.3
47037014800,47037014800,TN,Tennessee,Nashville,72.1,30.6,8.8,14,3.5,57.2,4.9,42,13.3,17.1,7.4,17.5,41.7,26.2,19.1,34.4,46.8,38.7,82.3,26.8,51.5,83.6,25.7,51.4,54.3,7.1,75.2,51.2
47037015100,47037015100,TN,Tennessee,Nashville,68.1,27.3,16.8,7.5,6.6,78.3,2.7,65.5,33,36.6,6.4,9.6,21,66,9.4,13.3,33.2,38.3,78.4,12.7,28.7,83.8,13,24.7,37.2,2.9,77.8,13.9
47037015200,47037015200,TN,Tennessee,Nashville,69,31.5,15.7,9.3,7.5,80.4,3.1,64.8,31.5,34.7,7.8,10.2,23.2,63.3,10.9,13.8,35.8,40.1,77.2,13.9,30.4,83.5,15.2,27.7,37.4,3.7,79.9,16.8
47037015300,47037015300,TN,Tennessee,Nashville,71.5,28.7,16.5,6.5,8,84,2.7,71.4,36.7,40.4,6.5,9,16.6,73.5,8.9,9.8,34.1,38.3,78.9,10.5,26.9,85.8,11.2,21.1,34.8,2.8,80.4,9.6
47037015401,47037015401,TN,Tennessee,Nashville,70.8,30.7,15.7,8,7.6,82.6,2.9,68.8,33.5,38.6,7.1,9.7,20.1,68.5,10.6,11.6,36.3,40.5,78.6,12.1,29.4,84.1,13.3,24.6,36.6,3.2,80.7,12.3
47037015402,47037015402,TN,Tennessee,Nashville,69.2,28.2,17,7.7,6.8,78.5,2.7,67.6,33.6,39,6.5,9.8,21.8,66.4,9.8,13.4,35,39.2,77.7,12.8,30.1,83.8,13.1,25.1,37.6,3,78.6,13.5
47037015404,47037015404,TN,Tennessee,Nashville,71,32.5,14.6,9.1,8.5,78.3,3.5,65.4,31.7,32.3,8.8,9.8,20.6,62.6,11.4,16.7,38.1,40.7,77.7,12.8,29.2,83.4,14.9,29.4,36.6,4.2,81.4,17.6
47037015405,47037015405,TN,Tennessee,Nashville,68.2,26,17.5,7.2,5.8,77.3,2.5,66.5,32.5,37.9,5.5,10.1,22.6,65.7,9.2,13,33.2,37.3,79.3,13.5,31,84.1,12.8,24.3,39,2.7,76.6,12.9
47037015501,47037015501,TN,Tennessee,Nashville,67.6,23.9,18.5,6.2,5.9,77.3,2.3,68.4,33.7,37.5,5.2,9.4,19.9,68.6,8,11.5,29.8,34.8,79.2,12.2,27.7,83.7,11.1,21.9,37.1,2.4,75.6,11.6
47037015502,47037015502,TN,Tennessee,Nashville,67.5,28.2,16.4,8.6,6.2,77.1,2.8,63.2,30.7,34.5,6.6,10.4,24.7,61,10.2,15.1,33.5,38,77.7,14.6,32,83.5,14.7,27.7,39,3.2,76.8,16.8
47037015609,47037015609,TN,Tennessee,Nashville,64.6,16.2,21.6,4.1,3.9,74,1.6,69.6,36.4,42.7,2.8,9.2,17.7,72,5,10.3,21.4,27.2,80.1,11.6,24.6,84.6,8.2,17.1,37,1.4,66.4,8.7
47037015610,47037015610,TN,Tennessee,Nashville,67.7,22.3,19.1,5.5,5.4,77.7,2.1,69.8,34.8,40.5,4.4,9.5,18.9,71.3,7.3,10.4,28.9,34,80,11.8,27.6,84.8,10.3,19.9,37.1,2.1,74.5,9.9
47037015612,47037015612,TN,Tennessee,Nashville,68,21.6,17.4,6,4.4,74.5,2.3,64.4,30.7,35.4,4.3,10.4,22.3,62.6,8.4,14.8,29.8,32.1,81.1,13.7,32.8,85.5,11.8,24.3,41.1,2.4,72,13.8
47037015613,47037015613,TN,Tennessee,Nashville,64.5,20.4,17.6,7.3,3.4,64.6,2.5,54.3,26.2,29.6,4.8,10.6,30.7,47.2,9.8,24.7,31.7,32.7,77.7,16.7,37.3,82.7,14.7,32.3,45.3,2.8,67.3,23.1
47037015614,47037015614,TN,Tennessee,Nashville,67.1,21.1,16.8,6,4,72.8,2.3,61.6,28.8,33.3,4.2,10.3,22.6,60.2,9,17.7,30.3,32.7,80.9,14,33.2,85.2,12.4,26.3,41.7,2.4,72.2,15.1
47037015615,47037015615,TN,Tennessee,Nashville,65.7,24,14.7,8.2,4.1,68.1,3,55.6,24.4,28.8,5.6,11.1,27.5,49.1,11.6,25.7,34,36.4,78.8,16.8,37.2,83.4,16.3,34.3,43.7,3.3,72.9,23.2
47037015617,47037015617,TN,Tennessee,Nashville,72.7,28.9,15.4,7,6.9,82.6,2.7,69.6,33,39.2,6.2,10.1,18.6,69.8,10.5,11.1,36.2,38.6,80.1,11.8,30.6,85,12.4,23.2,37.9,3,80.5,11.1
47037015618,47037015618,TN,Tennessee,Nashville,70.6,26.2,15.9,7.1,5.4,77.7,2.7,65.7,29.8,35.8,5.6,10.5,22.4,62.5,10.8,15,35.6,36.6,80.9,13.5,34.2,85.2,13.3,26.5,41.6,3,77.6,14.4
47037015619,47037015619,TN,Tennessee,Nashville,71,24.2,16.7,5.7,5.4,81.8,2.3,68.3,32.4,39.5,4.6,9.8,18.9,69.1,9.3,11.4,32.4,34.4,81.5,11.7,31.6,86.2,11.2,22.1,39.9,2.4,76.9,10.4
47037015620,47037015620,TN,Tennessee,Nashville,68.8,24.1,15.6,7.2,4.4,73.6,2.7,60,26.6,32.3,4.9,11.1,25.7,56.2,10.7,19,34.2,34.6,80.5,15.3,36.8,85.2,14.3,29.7,44,3,74.2,17.9
47037015622,47037015622,TN,Tennessee,Nashville,67.7,24.5,17.6,6.7,5.3,78.6,2.4,66,31.9,37.8,5,10,22,65.9,8.9,12.9,31.1,35.2,79.9,13.2,31.6,85.1,12.4,23.7,39.2,2.5,75.1,12.8
47037015623,47037015623,TN,Tennessee,Nashville,67.3,24.9,16.3,7.7,5.1,72.7,2.6,61.7,29.6,34.4,5.4,11.2,24.4,59.8,9.3,15.8,32.4,35.7,78.8,15.3,32.6,84.7,13.9,26.9,40.4,2.9,74.2,16.8
47037015624,47037015624,TN,Tennessee,Nashville,66.3,21.1,18.8,5.9,4.4,74.6,2.1,64.8,31.2,37.6,4,10.3,22.7,64.7,7.5,13.2,27.4,31.6,80.1,13.9,30.8,84.8,11.5,22.9,40,2.1,71.1,12.8
47037015625,47037015625,TN,Tennessee,Nashville,67,24.4,17.1,7,5,77.5,2.4,63.3,30.1,36,4.8,10.4,23.7,63.2,8.7,13.4,29.7,34.2,79.9,14.2,32,84.7,12.9,25,39.8,2.5,73.9,13.9
47037015626,47037015626,TN,Tennessee,Nashville,68,18.6,17.9,5.2,3.4,73,2.1,62.1,28.9,34.5,3.4,10.5,22.8,60.8,7.9,16.2,27.9,28.9,81.9,13.9,33.8,85.3,11.2,24.6,43.3,2.1,69,13.5
47037015627,47037015627,TN,Tennessee,Nashville,67.5,25.2,15.1,8.2,4.6,72.9,2.8,58.3,26.7,31.8,5.6,11.3,27.3,52.7,11.5,22.6,33.6,35.6,78.8,16.1,35.8,83.1,15.6,32.5,43.8,3.3,74.6,20.8
47037015628,47037015628,TN,Tennessee,Nashville,68.9,20.8,16.2,6.3,4.2,68.3,2.5,61.9,27.6,30.8,4.3,11.4,24.3,55.8,8.8,20.1,31.7,31.1,79.9,15.2,34.6,85.1,12.7,28.2,43.9,2.7,70.3,18.9
47037015629,47037015629,TN,Tennessee,Nashville,67.8,16.9,17.5,4.7,3.2,69.2,2,64.9,30,35.7,3,10.6,20.5,61.7,6.9,15.6,26.6,27.5,82.6,13.6,32.3,86.1,10.1,23,41.9,1.9,66.6,13
47037015630,47037015630,TN,Tennessee,Nashville,68.9,18.2,17.9,4.6,3.5,75.1,2,64.9,30.1,36.7,3,10.4,20.8,64.6,7.4,13.4,28.6,28.5,83.1,12.9,33.2,87.2,10.2,21.9,42.8,1.9,69.6,11.8
47037015631,47037015631,TN,Tennessee,Nashville,68.1,22.5,17,6.3,4.4,75.6,2.3,62.9,30.1,35.9,4.4,10.5,23.6,61.4,9.1,16.3,31.1,33.1,79.7,14.1,33.7,85.1,12.6,26,42.2,2.5,73.1,14.6
47037015700,47037015700,TN,Tennessee,Nashville,68,29,15.4,9.1,6.3,74,3.2,60.5,28.9,32.4,7.6,10.4,24.5,57.2,11.7,20.2,36.9,40.4,77.6,14.7,32.9,82.9,15.8,31.2,39.7,3.7,78.3,19.9
47037015802,47037015802,TN,Tennessee,Nashville,65,24.6,15.5,8.7,4.6,67.8,3.1,55.6,25.8,28.5,6.3,10.9,27.1,49.8,11.1,25.2,33,36.3,78.1,16.7,35.6,82.8,16.3,33.2,42.2,3.5,72.5,24.9
47037015803,47037015803,TN,Tennessee,Nashville,59.1,18.2,17.7,7.2,2.7,55.7,2.5,48.2,23.2,25.8,4.4,10.7,31.5,42.2,9.1,34.2,29.8,33.5,78.6,18.6,37.4,82.2,16,36,44.2,2.6,63.1,28.2
47037015804,47037015804,TN,Tennessee,Nashville,64.8,20.3,17.8,6.5,3.9,67.4,2.4,59.7,28,32.2,4.4,10.3,25,56.2,8.4,19.3,29.3,32.4,79.7,15.1,33.2,84.2,12.8,27.2,41.5,2.5,68.6,18.3
47037015900,47037015900,TN,Tennessee,Nashville,68.6,34.8,12.2,14,7,68.1,4.9,52.1,22.7,22.7,11.4,12.2,28.8,44.6,16.7,21.5,41.2,43.9,77.8,19.3,36,79.9,21.6,39.6,40.9,6.7,81.5,33.5
47037016000,47037016000,TN,Tennessee,Nashville,74.1,33.1,10.7,11.6,4.9,71.2,4.6,50.7,16.9,21,8.6,13.4,32.1,39.8,20.3,24.3,49.6,41.7,83.8,18.8,47.1,84.5,21.4,42.2,49.7,6.6,81.4,34.2
47037016100,47037016100,TN,Tennessee,Nashville,69.2,26.2,15,8.3,4.7,71,3.1,59.2,24.8,29.3,6,11.8,26.6,53.4,12.5,19,37.8,37.2,82.1,16.1,36.9,84.4,15.5,31.1,43.7,3.7,77,21.5
47037016200,47037016200,TN,Tennessee,Nashville,73.2,31.2,12.1,10.1,5.4,71.5,4.1,59.2,20,24.8,7.8,12.9,27.1,48.3,17.3,20.1,45.5,40.8,83.1,16.8,40.6,84.3,18,36,45.5,5.6,81.6,27.4
47037016300,47037016300,TN,Tennessee,Nashville,69.2,25.5,14.5,8.1,4.4,67.8,3.4,58.5,20.5,24.7,6,11.9,25.5,51.2,13.3,17.4,37.6,35.8,84.3,16.4,37.6,85.1,15.4,31.1,43.6,4.3,77,25.2
47037016400,47037016400,TN,Tennessee,Nashville,62.1,12.1,21.4,4.2,2.9,56.7,1.5,65.5,31.2,31.9,2.8,10.2,17.6,66.9,3.9,12.7,15.7,21.7,78.1,14.8,20.2,80.4,7.9,19,34.8,1.4,60,15.5
47037016500,47037016500,TN,Tennessee,Nashville,59.4,5.4,22.4,3.1,0.8,43.4,0.8,60.2,22.4,35.7,0.9,11.1,18.8,63.3,1.5,14.4,10.3,12.7,80.1,17.4,19.4,72.7,6.6,18.2,36.3,0.4,26.4,16.4
47037016600,47037016600,TN,Tennessee,Nashville,64,16.7,19.1,4.1,4,73.7,1.8,68,31.3,35.8,3.5,8.8,15.6,69.8,6.2,10.4,22.4,28.1,81.4,11,23.9,84.3,8.3,17.9,35.3,1.8,70.2,10.1
47037016700,47037016700,TN,Tennessee,Nashville,69.7,23.5,18.3,4.5,7.2,81.8,2.1,74.4,39.5,41.3,5,8.5,11.6,79.8,6.5,6.7,27.7,34.2,80.9,8.9,21.5,85.5,8.2,15.5,30.9,2,78.8,6.3
47037016800,47037016800,TN,Tennessee,Nashville,62.9,14.2,21.9,3.3,3.6,73.1,1.4,70.2,36.3,40.8,2.6,8.5,14,75.1,4.2,8.1,18.5,26,81.1,10.5,21.6,84.8,6.9,14.4,33.7,1.2,64.9,6.9
47037016900,47037016900,TN,Tennessee,Nashville,66.2,18.1,21.1,3.7,4.9,80,1.7,73.3,36.8,41.5,3.2,8.5,12.9,78.9,5.4,6.9,23,29.9,82.3,9.4,23,86.4,7.4,14,33,1.5,72.2,6.1
47037017000,47037017000,TN,Tennessee,Nashville,64.9,14.1,21.9,3.8,3.1,65,1.6,70,27,33.8,2.7,10.2,16.4,71.8,5.5,10.4,20.6,24.7,83,12.9,23.5,81.9,7.8,17.1,35.4,1.6,68.6,12.5
47037017100,47037017100,TN,Tennessee,Nashville,68.1,18.8,20.4,3.9,4.7,78.2,2,73.6,30.1,37.4,3.5,9.2,14.8,74.6,7.2,8.9,26.8,29.1,84.5,10.1,26,86.8,7.9,16.7,35.8,2,75.5,8.9
47037017200,47037017200,TN,Tennessee,Nashville,66.2,29.2,15.3,9.9,6.1,72.9,3.3,58.7,27.6,31.6,7.7,10.6,26,55.1,11.7,19.5,35.8,40.3,77.6,15.7,33.6,83.4,16.8,31.2,39.1,3.9,76.9,22.1
47037017300,47037017300,TN,Tennessee,Nashville,65.2,26.8,14.5,9.3,4.9,68.2,3.3,54.8,24.7,29,7,10.4,27.4,49,12.7,25,36.1,40.3,77.9,16.4,35.5,82.1,17.2,35.3,42.1,3.8,75.4,24.4
47037017401,47037017401,TN,Tennessee,Nashville,66.1,25.5,16.2,8.3,5.1,70.8,2.9,58.9,26.4,31.6,6.3,10.3,26.5,53.6,10.9,22.4,34.2,37.5,77.7,15.3,34.7,83.2,15.3,31.9,41.7,3.3,74.5,21.1
47037017402,47037017402,TN,Tennessee,Nashville,65.6,22.7,16.6,7.1,4.7,69,2.6,60.1,28.7,32.4,5.3,10.3,23.1,57.4,9.1,19.1,30.7,34.7,78.8,14.7,32.1,84.3,13.4,27.7,39.9,2.8,72.1,18.6
47037017500,47037017500,TN,Tennessee,Nashville,66.1,29.6,14.9,10.4,6.1,71.8,3.4,58,27.3,29.9,7.9,11,27.5,52.3,12.2,22,36,40.4,76.2,16.5,34.1,82.4,17.5,33.5,40,4.1,77,23.7
47037017701,47037017701,TN,Tennessee,Nashville,68.4,21.9,19.7,4.3,6.4,83.7,1.9,74.1,38.5,42.4,4.2,8.7,13.3,80,5.9,6.7,25.6,32.7,81,9.5,23.1,86.8,8.2,15.1,32.2,1.7,75.6,6.3
47037017702,47037017702,TN,Tennessee,Nashville,67,18.4,21.8,4.4,5.1,73,1.7,73.2,38,42.5,3.8,9.4,14.3,77.7,5.3,8.2,22,29.4,79.2,11.1,21.2,83.2,7.9,15.5,32.7,1.6,73,7.6
47037017800,47037017800,TN,Tennessee,Nashville,66.6,20,19.8,4.4,5.4,78.5,1.9,72,36.7,40.5,3.9,9,14.1,76.4,6,7.6,24.4,31,81.3,10.4,23.7,85.9,8.3,15.7,33.3,1.8,73.9,7.2
47037017901,47037017901,TN,Tennessee,Nashville,72.8,28.3,16.2,5.2,8.9,85.9,2.5,76,39.5,42.6,6.1,8.2,10.7,80.6,8.1,6.1,32.9,38.5,80.7,8.2,22.4,86.2,8.9,16.3,30,2.5,82.7,5.9
47037017902,47037017902,TN,Tennessee,Nashville,73,29.7,14.9,5.6,9.4,86,2.8,73.7,38.1,38.9,6.7,8.5,11.5,78.6,8.4,6.9,33.8,38.6,80.7,8.7,22.7,86.6,9.8,18.2,30.4,2.8,82.8,7.1
47037018000,47037018000,TN,Tennessee,Nashville,71.4,25.4,17.2,4.5,7.8,85.5,2.2,75.9,40.3,44,5.2,8.3,10.5,81.7,7.1,5.5,30,36.6,81.5,8.3,22.4,87,8.2,14.6,30.4,2,80.5,5
47037018101,47037018101,TN,Tennessee,Nashville,65.6,21.3,16.8,6.9,4.2,67.7,2.4,60.6,28.2,33.1,4.8,10.8,24.4,57.2,8.5,18.3,29.7,33.5,78.9,15.4,31.2,83,13,27.2,41,2.6,70.5,18.4
47037018102,47037018102,TN,Tennessee,Nashville,73.8,31.9,14.6,6.5,9.7,86.7,2.9,72.7,37.4,39.9,7.3,8.6,13,77.3,9.5,7.3,36.5,40.9,79.7,9.2,24.1,85.7,10.9,19.7,31.6,3,83.6,8.1
47037018201,47037018201,TN,Tennessee,Nashville,71.7,27.1,17.3,5.2,8.1,86.8,2.3,74.7,39.6,43.3,5.7,8.3,12.5,80.1,7.8,6.4,32,38.1,80.6,8.7,23.7,86.6,9.3,16.4,31.7,2.3,80.7,6.3
47037018202,47037018202,TN,Tennessee,Nashville,66.9,21.2,17.9,5.5,5.1,75.2,2.2,66.9,33.8,36.6,4.4,9.8,17.9,68.6,7,10.7,26.2,31.6,80.2,12.4,27.3,85.2,10.2,20.1,36.5,2.1,72.3,10.9
47037018203,47037018203,TN,Tennessee,Nashville,72.4,28.2,16.7,5.4,8.5,87.9,2.4,74.2,40,43.8,6,8.4,12.4,80.6,7.9,6.3,33.1,39.2,80.3,8.7,23.7,86.7,9.6,16.8,31.1,2.3,81.3,6.5
47037018301,47037018301,TN,Tennessee,Nashville,68.1,25.1,17.4,6.5,6.1,78.7,2.4,67.7,33.9,38.9,5.5,9.5,19.4,69,8.6,11.8,31.9,37.2,78.9,12,28.1,84.7,11.7,22,36.8,2.5,76.5,11.4
47037018302,47037018302,TN,Tennessee,Nashville,68,22.7,19.9,5,6,83.8,1.9,72.7,38.4,44.7,4.2,8.7,16.6,77,6.6,7.9,27.3,33.9,80,10.2,25.8,86.4,9.3,17.1,34.8,1.8,74.9,7.3
47037018401,47037018401,TN,Tennessee,Nashville,67.8,22.6,18.2,5.7,5.6,76.9,2.2,69.1,34.5,38.7,4.7,9.6,17.9,70.6,7.4,10.5,27.9,33.6,79.4,11.9,26.6,84.6,10.3,20.2,36.3,2.2,74.4,10.4
47037018404,47037018404,TN,Tennessee,Nashville,70.5,25.9,16.9,5.7,7.3,81.8,2.4,72.3,36.4,39.4,5.6,9,14.8,74.6,7.9,9.1,30.8,35.9,80.2,10.1,25,85.4,10,19.4,33.7,2.5,79,8.8
47037018405,47037018405,TN,Tennessee,Nashville,69.8,25.3,18.3,5.5,6.7,85.4,2.2,72.2,38,43.4,4.9,8.9,15.9,77.1,7.7,7.6,29.8,36.3,80.3,10.2,26.3,85.9,10,17.9,34.7,2.1,77.7,7.3
47037018407,47037018407,TN,Tennessee,Nashville,69.9,25.4,17.4,5.5,6.5,85.5,2.2,70.8,37,43.4,4.9,8.8,15.6,76.6,8.1,7.5,30.2,37.1,80.4,10.2,26.4,85.7,10.2,18.2,34.9,2.1,77.9,7.2
47037018408,47037018408,TN,Tennessee,Nashville,69.9,23.8,18.2,4.8,6.4,86.6,2,72.1,38,44.8,4.3,8.7,14,79.4,7.2,6.7,28.4,35.5,81.3,9.5,25.2,86.5,9.1,16.2,33.9,1.9,77.1,5.9
47037018409,47037018409,TN,Tennessee,Nashville,74.9,34.9,13.4,7.7,10.5,87.2,3.2,73.9,37.1,40.4,8.3,9.1,14.5,74.8,10.5,8.8,38.7,42.1,78.1,9.8,24.9,84.6,12.2,22.4,32.3,3.5,84.9,9.9
47037018410,47037018410,TN,Tennessee,Nashville,67.5,22.7,18.5,5.6,5.8,76,2.1,69.8,35.1,39.2,4.5,9.5,18,71.5,7,10.6,28.4,34.1,79.2,11.8,25.6,83.9,10.1,20.2,35.8,2.1,75.1,10.2
47037018500,47037018500,TN,Tennessee,Nashville,71.2,25.3,17.8,4.6,7.9,87.2,2.2,75.1,41,44,5.2,8.2,11.7,81.4,6.9,6,29.7,36.1,81.1,8.4,23.1,87.6,8.4,15.3,31.1,2.1,79.5,5.7
47037018601,47037018601,TN,Tennessee,Nashville,72.9,28.3,16,5.2,8.1,89.2,2.4,75,38.7,44.7,5.7,8.4,11.2,81.6,8.4,5.3,33.4,40.4,81.2,8.4,24.6,86.6,9.4,15.6,30.9,2.2,81.6,5.1
47037018602,47037018602,TN,Tennessee,Nashville,73.2,28,16.2,5.1,8.7,88.2,2.4,76.2,40.2,45.5,6,8.1,10.9,81.9,8,5.7,33.5,39.7,81,8,22.8,86.7,8.9,15.7,30.5,2.3,82.1,5.5
47037018700,47037018700,TN,Tennessee,Nashville,72.9,27.9,16.4,5.1,8.3,88.7,2.3,75.2,40.4,46.7,5.7,8.3,11.1,82.1,8.1,5.4,32.8,39.8,80.9,8.2,23.8,86.8,9,15.3,30.6,2.2,81.8,5.1
47037018801,47037018801,TN,Tennessee,Nashville,69.4,24.5,18.7,5.1,7.1,83,2.2,73.3,38.6,42.5,5.2,8.4,14.4,77.5,7,7.6,29.2,35.3,79.9,9.5,23.9,86.1,9.1,17.2,32.8,2.1,78,7.5
47037018803,47037018803,TN,Tennessee,Nashville,69.7,23.8,17.9,4.7,6.7,83.4,2.1,74.5,38.4,43.8,4.7,8.7,12.9,78.4,7.1,7,28.6,35,81.4,9.3,24,86.5,8.6,16,32.5,2,78.2,6.1
47037018804,47037018804,TN,Tennessee,Nashville,70.6,25.8,17.1,5.5,6.8,85.4,2.2,72.9,37.2,43.3,5.1,8.8,15.2,76.9,8.2,7.7,31.3,37.5,80.3,9.9,25.5,85.2,10,18.2,34.6,2.2,79.1,7.2
47037018901,47037018901,TN,Tennessee,Nashville,67.8,26.3,16.4,7.5,6.1,74.3,2.8,63.7,31.3,34.7,6.4,9.8,21.6,62.7,9.8,14,34.5,38.1,78.9,13.3,30.5,84.3,13.2,25.6,38.2,3.1,77.1,15.3
47037018902,47037018902,TN,Tennessee,Nashville,67.3,24.8,17.8,6.4,6.2,76.7,2.5,67.9,34.1,38.4,5.6,9.3,18.7,68.4,8.3,12.7,31.1,36.5,78.1,11.9,27.6,85.5,11.4,22.1,35.7,2.6,76.5,11.9
47037018904,47037018904,TN,Tennessee,Nashville,65.7,24.2,15.8,7.7,5,68.5,2.8,60.1,28.8,32.3,5.9,10.6,23.8,56.2,9.9,20.7,33.4,36.9,79.2,15.1,32.5,84.1,14.4,29.3,40.1,3.1,73.8,20.4
47037018905,47037018905,TN,Tennessee,Nashville,63.2,17,20,4.9,3.7,70,1.9,64.8,33.2,37.4,3.4,9.5,20,64.8,6.1,16.3,23.2,28.9,79.7,13,27.6,84.6,10,21.6,37.8,1.7,66.2,12.9
47037019003,47037019003,TN,Tennessee,Nashville,62.1,20.6,15.6,7.4,3.6,61,2.8,54.6,25.1,29.4,5.2,10.2,26.1,46.8,10.1,30.5,30.7,35.4,77.3,16.6,35.6,83.1,15.5,34.5,42,2.9,68.5,25.3
47037019004,47037019004,TN,Tennessee,Nashville,63.7,25.6,14.1,9.9,4.4,64.3,3.4,51.4,23.1,27.6,6.9,11.3,30.5,43.1,12.4,29.9,34,38,76.2,18.5,37,81.2,18.5,38.4,43.8,4,72.4,30.3
47037019005,47037019005,TN,Tennessee,Nashville,67.1,24.5,13.9,8.9,3.9,65.2,3.1,52.8,23.8,27.6,5.7,12.5,30.5,45.1,12.1,26.5,35.4,36,78.9,18.7,38.6,82.7,17.4,36.5,46.1,3.6,72.4,27.6
47037019006,47037019006,TN,Tennessee,Nashville,66.5,25.2,14.9,8.3,4.8,68.4,3,56.9,25.7,29.4,6.2,10.9,26.5,51.3,11.5,24.4,35.5,38,77.9,16.1,34.7,82.4,16,33.7,43.1,3.4,74.7,22.6
47037019105,47037019105,TN,Tennessee,Nashville,64.9,24,15.1,8.1,5,68.5,2.8,59.9,27.8,31.2,5.9,10.6,25.1,54.3,9.9,20.7,31.1,36.3,76.7,15.6,29.6,81,14.5,30.6,40.7,3.1,73.5,20.9
47037019106,47037019106,TN,Tennessee,Nashville,65,17,21.4,4.1,4.2,75.5,1.7,69.2,34.7,38.6,3,9.2,16.8,73.4,5.3,9.9,22.1,28,80.4,11.3,24.9,85.6,8.3,16.9,35.9,1.5,68.5,8.7
47037019108,47037019108,TN,Tennessee,Nashville,62.8,19.4,16.9,7,3.4,60.5,2.5,55.9,25.6,30.9,4.5,10.8,27.3,48.3,8.9,30,29.7,33,77,16.8,35.3,82.8,14.5,33,43,2.6,66.7,24.9
47037019109,47037019109,TN,Tennessee,Nashville,66.3,25,15.9,8.1,4.7,71.2,2.8,59.7,27.3,32.8,5.7,10.9,26.2,54.6,10.8,22.5,33.9,37.2,78.5,15.7,34.5,83.2,15.3,31.3,42,3.1,74.6,19.4
47037019110,47037019110,TN,Tennessee,Nashville,65.7,26,16.1,8.7,5.1,70,2.9,59.5,27.8,31.9,6.2,10.9,26.5,53.9,10.8,23.6,33.8,37.9,77.4,16,34,82.8,15.9,32,41.2,3.3,74.7,21.7
47037019111,47037019111,TN,Tennessee,Nashville,66.5,19.4,17.7,5.7,3.7,72.2,2.1,62.2,28.3,34.1,3.7,10.7,23,60.5,7.8,17.4,26.8,29.8,80.9,14.5,32.1,84.4,11.8,25.3,41.7,2.1,69.2,15.2
47037019112,47037019112,TN,Tennessee,Nashville,66.7,21.8,16.7,6.3,4.1,73.2,2.4,61.9,26.6,32.6,4.5,10.4,24,58.9,9.5,17.6,31,33.4,80.7,14.4,33.1,84.1,12.9,27.2,42.4,2.6,73,16.3
47037019114,47037019114,TN,Tennessee,Nashville,66,18.5,21,4.3,4.6,79.5,1.7,71,36.1,42.6,3.2,9,17.7,73.8,5.8,9.7,23.7,29.5,80.4,11,25.9,86,8.6,17.4,36.7,1.6,70.4,8
47037019115,47037019115,TN,Tennessee,Nashville,69.5,23.2,17.8,4.9,6,84.9,2.1,71.7,36.9,42.2,4.4,8.8,15.1,76.1,7.7,8,28.4,34.3,81.5,9.9,26.2,86.3,9.4,17.7,35.3,2,76.9,7.2
47037019116,47037019116,TN,Tennessee,Nashville,66.5,20.7,18.7,5.5,4.6,76.2,2,66.4,33.2,38.7,4,9.9,20.1,67.9,7.2,11.5,26.7,31.7,80.6,12.9,28.7,85.1,10.5,20.9,38.3,2,71.9,10.9
47037019117,47037019117,TN,Tennessee,Nashville,68.7,19.9,18.3,4.8,4.3,79.4,2,67.3,33.2,38.8,3.7,9.6,19.6,68.4,7.7,12.1,27.8,30.5,81.7,11.9,30.4,86.1,10.1,21.1,40.5,2,72.5,10.1
47037019118,47037019118,TN,Tennessee,Nashville,65.7,16.5,18.1,5.1,3,69.3,1.9,60.1,29.2,33.7,3,10.7,23.3,58.5,6.7,17.6,24.4,26.6,81.4,14.8,32.2,84.9,10.9,24.7,42.3,1.9,64.4,15.5
47037019200,47037019200,TN,Tennessee,Nashville,67.6,24.2,16.6,7.2,4.9,74.9,2.6,61.9,28.5,33.2,5.2,10.8,24,59.9,9.8,14.6,32.4,34.5,80.8,14.5,33.3,85.3,13.3,26.1,40.7,2.9,74.7,16.6
47037019300,47037019300,TN,Tennessee,Nashville,69.9,31.4,9.6,14.7,4,59.3,4.9,44.5,15.2,18.1,8.4,16.5,40.2,29.4,18,30.7,44.5,39.8,81.1,25.9,48.7,83.5,25.4,48.1,51.2,7,74.9,45.3
47037019400,47037019400,TN,Tennessee,Nashville,70.6,23.4,15.7,6,4.7,74.8,2.7,65.6,26.1,31,5,10.8,20.2,62.4,10.8,13.7,36.3,34.4,84,12.9,33.9,87.1,12,24.4,41,3.1,77.2,15.4
47037019500,47037019500,TN,Tennessee,Nashville,64.2,17.5,20.6,5.1,3.5,71.1,2,62.2,29.9,35.2,4,9,21.4,62.7,7.6,13.6,27.5,30.5,80.5,12.6,30.5,83.5,10.4,21,39.7,2.1,68.4,13
47037019600,47037019600,TN,Tennessee,Nashville,67.3,24.4,17.2,7.4,5.3,72.9,2.6,62.8,31.3,33.2,5.7,10.7,23.9,60.3,9.2,16.8,32.4,35.4,78.2,14.5,31.8,84,13.5,26.6,40.1,2.9,74.1,17.6
47065000400,47065000400,TN,Tennessee,Chattanooga,78.9,38.2,8,13.7,5.9,72.9,5.4,54.9,18.6,17.4,10.5,13.9,32.6,36.8,23.7,26.3,57.6,43.3,82,19.3,48,85,23.7,46.3,50,8.3,84.3,37.2
47065000600,47065000600,TN,Tennessee,Chattanooga,69.6,24.2,16.6,5.6,6.3,81.6,2.3,73,38.9,34,5.3,8.6,15.7,74.1,7.4,8.4,29.8,33.2,80.3,10.8,25.3,86.6,9.9,17.7,32.8,2.3,76.9,8.2
47065000700,47065000700,TN,Tennessee,Chattanooga,68,20.7,17.6,5,5.2,78.2,1.9,71.9,38.2,34.3,4.2,8.9,15.7,74.2,6.2,8.6,25.6,29.9,80.5,11.4,24.3,85.9,9.2,16.8,32.8,1.9,73.4,8.4
47065000800,47065000800,TN,Tennessee,Chattanooga,68.7,24.4,15.3,7.4,4.8,74.3,2.7,66.1,28.8,27.3,5.4,10.2,24.1,59.6,10.2,14.9,33.2,33,80.9,14.8,32.3,84.7,13.3,25.9,39.4,3.1,75.4,16.9
47065001100,47065001100,TN,Tennessee,Chattanooga,73.4,29.9,11.7,9.4,5.2,70.6,4,60.5,23.7,20.3,7.5,11.2,25.8,49,16.3,20.1,45.7,38.7,82.8,16.2,40.1,85.7,17.3,34.1,44.1,5.2,80.4,25.4
47065001200,47065001200,TN,Tennessee,Chattanooga,79.1,37.6,8,12.7,6.7,74.2,5.3,58.8,21.7,18.6,10.4,13.3,27.6,42.7,21.4,23,54.3,42.2,82.3,17.8,43.7,85.1,21.5,42.2,46.7,7.7,84.3,32.2
47065001300,47065001300,TN,Tennessee,Chattanooga,70.6,29.9,10.7,11.6,4.5,67.2,4.1,54.4,21.8,19.4,7.7,12.6,32.2,39.8,16.6,28,43.6,38.2,80.7,19.9,42.8,84.4,20.8,40.5,46.1,5.5,77.5,33.2
47065001400,47065001400,TN,Tennessee,Chattanooga,69.1,23,13.9,7.6,4,67.6,2.9,60.6,24.5,23.9,5.3,10.9,25.1,52.2,11.4,21.5,34.2,32.6,81.3,16.4,35.1,84.6,14.5,30.6,41.8,3.4,74.4,22.7
47065001600,47065001600,TN,Tennessee,Chattanooga,78.5,47.3,5.5,22,6.9,70.6,7.9,47.3,17,14.5,16.3,15.9,38.1,26.9,31.2,30,63.1,50.8,80.8,24.4,52.4,83.5,32.7,55.6,49.8,12.8,86.3,48.7
47065001800,47065001800,TN,Tennessee,Chattanooga,71,26.6,14.8,7.1,6,78.1,2.7,69,32.4,30.3,6,9.8,20,66,10.4,12.5,36.5,35.8,80.3,12.8,29.8,85.4,12.4,23.4,36.8,3.1,79.2,13.2
47065001900,47065001900,TN,Tennessee,Chattanooga,77.2,37.8,7.6,15,5.4,69.9,5.8,51.6,17.8,15.8,10.6,15,35.2,32.7,23.8,28.8,54.9,42.2,81.8,22,49.5,85,25.6,48.3,50.7,8.8,82.7,41.7
47065002000,47065002000,TN,Tennessee,Chattanooga,71.4,27,13,7.9,5,74.2,3.3,65.2,24.2,23.6,6.7,10.5,23.2,56.4,13.8,17,40.6,36.4,82.9,14.5,35.4,85.4,14.6,28.6,40.8,4.2,79.6,20
47065002300,47065002300,TN,Tennessee,Chattanooga,69,37.9,9.6,17.4,5.9,69.2,5.3,49.5,20.7,17.9,11.9,13.4,38.3,33.2,20.1,31.3,47,43.9,75.8,23.1,44.2,82,27.2,47.5,45.4,7.6,79.9,41
47065002400,47065002400,TN,Tennessee,Chattanooga,67.4,33.4,10.6,14.9,5.4,65.4,4.4,50.6,23.1,19.2,9.8,12.9,35.8,37.3,16.1,29.6,43.2,42.3,76,22.3,40.7,82.1,24,43.2,43.7,5.9,77.3,36.3
47065002500,47065002500,TN,Tennessee,Chattanooga,70.9,32.4,10,13.3,5,67.3,4.2,52.6,23,19.9,8.8,13.3,33.9,39,16.7,27.2,44.6,40.4,78.5,21.2,42.5,83.4,22.4,41.9,45.6,5.8,78.1,33.8
47065002600,47065002600,TN,Tennessee,Chattanooga,68.3,27.9,11.5,11.3,4.2,62.3,3.8,52.6,21.9,19.9,7.5,12.4,32.6,38.2,15.4,32.7,42,38.8,79.4,20.3,41.9,83.6,20.7,41.3,45.7,5,75.2,34.1
47065002800,47065002800,TN,Tennessee,Chattanooga,71.7,26.3,15.1,6.5,6.2,81.9,2.5,71.1,36.1,32.9,5.6,9.3,18.5,70,9.2,10.6,33.8,34.6,80.5,11.9,29,86.1,11.6,21.4,36.2,2.6,78.4,10.4
47065002900,47065002900,TN,Tennessee,Chattanooga,74.3,30.1,11.4,9.2,5.5,75.5,3.5,61.6,27,23.7,7.1,11.4,25.5,53.4,14.2,16.9,43.4,37.6,81.5,15.8,38.2,85.8,16.5,32.1,43.2,4.4,80,21
47065003000,47065003000,TN,Tennessee,Chattanooga,71,27.4,13.1,8.8,5.1,74.2,3.1,62.3,28.8,26.9,6.4,11.1,26.2,54.4,12.2,19.2,37.7,35.4,79.6,16.1,35.8,84.7,15.8,30.7,42.3,3.7,76.9,19.7
47065003100,47065003100,TN,Tennessee,Chattanooga,68.9,24.4,16.1,7.8,4.8,71.9,2.7,62.3,30.9,25.7,6.3,9.7,24.7,57.3,10.6,17,36.8,35.2,79.5,14.2,32.8,84.2,13.8,26.3,39.8,3.3,74.6,18.8
47065003200,47065003200,TN,Tennessee,Chattanooga,79.3,35.4,9.2,10.3,6.2,80.1,4.4,63.7,24.3,22.6,8.6,12.1,25.1,50.9,19.8,18,52.3,40.5,83.2,15.2,42.9,86.3,18.3,35.8,45.9,6,84.5,23
47065003300,47065003300,TN,Tennessee,Chattanooga,78.6,32,10.4,8.8,5.9,78.9,3.8,65.9,26,25.1,7.3,11.8,23.5,55,16.8,16.7,49.2,38.4,83.4,14.6,40.6,86.7,16.2,32.3,45.2,4.9,83.1,19.7
47065003400,47065003400,TN,Tennessee,Chattanooga,69.7,24.4,15.4,6.9,5.3,75.2,2.5,67.4,33.5,29.9,5.6,9.5,21.3,63.2,9.5,15.8,33.7,34.2,79.5,13.4,30.9,84.8,12.5,24.8,38.4,2.8,75.9,13.8
47065010413,47065010413,TN,Tennessee,Chattanooga,72.9,29.7,14.2,7.4,6.8,85.9,2.5,70.7,37.1,35.3,6.4,9.2,18.6,72.5,10.3,9,37.3,39.5,79.3,11.7,28.3,84.7,12.6,21.7,35.4,2.7,80.9,9.1
47065010431,47065010431,TN,Tennessee,Chattanooga,72.1,29.4,14.4,7.4,7.4,82.7,2.7,71.4,36.4,32.8,6.7,9.1,18.6,70,9.7,11.1,35.6,37.4,78.3,11.8,27.3,84.5,12.4,22.8,34.9,3,80.4,11
47065010432,47065010432,TN,Tennessee,Chattanooga,73.4,30.4,14.2,7.1,8.1,85.3,2.7,73.7,39,35.8,6.9,8.6,16.2,74.3,9.7,8.8,36.9,39.1,79.1,10.4,25.8,85.1,11.5,20.6,32.8,2.8,82.2,8.8
47065010433,47065010433,TN,Tennessee,Chattanooga,71.2,30.8,13.7,9.3,6.9,77.7,3.1,66.7,33.4,29.8,7.6,10.1,23.7,61.4,11.1,14.9,37.5,38.5,76.9,14.5,31.1,83.4,15,28.2,37.7,3.6,79.5,16
47065010434,47065010434,TN,Tennessee,Chattanooga,71.2,33.8,13.3,10.5,7.3,80.9,3.2,64.7,31.8,29.3,9,10.1,23.7,63.1,12.2,12.4,40,41.9,77.8,14.6,30.3,81.4,16.6,27.9,36,4,81.9,17.3
47065010435,47065010435,TN,Tennessee,Chattanooga,70.9,33.8,12.8,11,7.4,79.2,3.5,64.5,31.6,28.5,9,10.3,25.3,58.6,12.8,15.1,39.6,40.8,76.7,15.2,32,82.9,17,30.3,37.5,4.2,81,18.4
47065010501,47065010501,TN,Tennessee,Chattanooga,71,28.6,15,7.8,7,79.5,2.7,70.5,36,31.7,6.8,9.4,20.6,67.3,9.5,12.1,35,36.6,77.9,12.8,28.2,84.2,12.8,23.9,35.7,3,79.2,12.7
47065010502,47065010502,TN,Tennessee,Chattanooga,72.5,31,13.5,7.7,7.8,83,3,69.6,36.4,31.5,7.5,8.9,17.4,70.1,10.4,9.6,37.8,39.2,79.1,11.6,27.8,85.8,12.8,22.5,33.8,3.3,81.6,10.9
47065010700,47065010700,TN,Tennessee,Chattanooga,,,,,,,,,,,,,,,,,,,,,,,,,,,,
47065010901,47065010901,TN,Tennessee,Chattanooga,68.7,25.3,15.6,7.2,5.9,76.1,2.5,66.9,35.8,31.1,5.8,9.4,20.4,66.2,8.7,12.1,31.9,34.8,77.7,13.1,27.4,84.6,12.1,22.8,35.1,2.7,76.8,13.3
47065010902,47065010902,TN,Tennessee,Chattanooga,69.7,31.4,14,9.8,6.7,77.9,3.2,65,32.9,27.8,8,9.7,24.3,60.7,11.7,13.5,37.9,39.9,78.4,14.8,31.9,83.7,15.7,27.7,36.9,3.7,79.8,16.1
47065010903,47065010903,TN,Tennessee,Chattanooga,72,29.7,13.2,8,7.8,76.5,3.2,68.9,34.7,27.8,7.8,9.5,17.8,66,10,12.1,36.4,37.3,78.8,12.7,26.2,83.6,13,24.9,34.2,3.7,80.8,14.2
47065011201,47065011201,TN,Tennessee,Chattanooga,,,,,,,,,,,,,,,,,,,,,,,,,,,,
47065011311,47065011311,TN,Tennessee,Chattanooga,73.6,27,15,7.4,6.6,75.5,3,67.9,31.3,26.6,7,9.4,21.8,60.6,10.9,17.2,40.2,35.2,79.4,12.4,31.3,84.7,13,27,39.8,3.7,77.7,16.9
47065011321,47065011321,TN,Tennessee,Chattanooga,71.1,28.1,13.9,7.5,6.6,81.1,2.8,68.6,34.9,31,6.6,9.4,19.9,66.7,10.1,12.1,34.6,36.2,78.8,12.6,28.2,84.6,12.9,24,36.5,3,79.1,12.3
47065011323,47065011323,TN,Tennessee,Chattanooga,76.8,34.7,11.3,8.3,9,86,3.4,72.4,36.1,32.3,8.4,9.3,16.5,70.2,12.3,10.1,42.8,41,79.8,11,29.2,86,13.4,24.2,34.7,3.8,84.3,10.9
47065011325,47065011325,TN,Tennessee,Chattanooga,71.6,24.6,15.4,5.7,6.1,83.4,2.2,72.9,38.8,37.2,5,8.7,17.1,73.2,8.5,9.5,32.3,34.1,79.9,10.8,26.6,85.7,10.2,19.5,35.9,2.2,78.3,8.2
47065011326,47065011326,TN,Tennessee,Chattanooga,71.2,26,15.3,6.3,6.4,79.5,2.4,72.1,37,33.5,5.6,9,17.7,71.4,8.7,9.9,35,36.6,80.1,11.6,27.1,85.2,11.1,20.5,35.5,2.5,78.6,9.3
47065011402,47065011402,TN,Tennessee,Chattanooga,76.8,32.2,11.1,9.1,6.3,78.7,3.7,65.8,28.3,26.5,7.6,11.4,23.6,56.5,15.6,16.4,47.1,39,81.2,14.5,38.3,86.2,16.1,31.3,43.3,4.7,82.5,19.1
47065011411,47065011411,TN,Tennessee,Chattanooga,74,30.2,12.6,8.4,6.5,79.9,3.2,67.5,31.8,29.1,7.3,10.4,21.7,62,12.6,13.7,40.6,37.7,80.5,13.7,33.5,85.7,14.5,27.1,39.5,3.8,80.9,14.8
47065011413,47065011413,TN,Tennessee,Chattanooga,,,,,,,,,,,,,,,,,,,,,,,,,,,,
47065011443,47065011443,TN,Tennessee,Chattanooga,73.2,31.4,12.6,9,7.4,79.1,3.3,66.8,33.2,28.2,8,10.1,21.7,61.5,12,15.1,39.6,38.2,78.4,13.6,30.6,83.8,14.8,28.5,37.9,4,81.1,16.3
47065011444,47065011444,TN,Tennessee,Chattanooga,79,32.2,10.7,8.7,6.1,78.8,3.6,68.4,26.3,26,7.3,11.7,23.3,56.6,16.5,16.9,49.7,39.1,82.8,14.1,39.4,86,15.7,31.8,44.8,4.7,83.4,18.6
47065011445,47065011445,TN,Tennessee,Chattanooga,74.3,29,13.3,7.3,7.1,80.3,3,69.9,34.4,30.1,7,9.6,18.7,66.2,11.1,13.5,38.9,36.5,80.3,12.1,30.2,85.6,12.8,25,37.9,3.4,80.8,13
47065011446,47065011446,TN,Tennessee,Chattanooga,73.7,32.4,12.9,8.6,8,82.6,3.2,69.4,35.7,31.9,8.1,9.4,19,66.9,11.7,11.9,39.2,39.4,78.1,12.4,29.7,84.8,13.9,25.2,36,3.6,82.3,12.5
47065011447,47065011447,TN,Tennessee,Chattanooga,,,,,,,,,,,,,,,,,,,,,,,,,,,,
47065011700,47065011700,TN,Tennessee,Chattanooga,66.1,27.7,16.8,9.2,5.6,77.4,2.8,63,32,28.1,6.8,9.6,28.8,58.2,10.1,14.8,35.1,36.7,76.1,15.5,33.5,85.4,15.5,26.8,39.3,3.3,74.6,17
47065011900,47065011900,TN,Tennessee,Chattanooga,,,,,,,,,,,,,,,,,,,,,,,,,,,,
47065012100,47065012100,TN,Tennessee,Chattanooga,71,34,13.1,10.7,7.6,80.8,3.4,65.8,32.8,29.7,8.8,10.2,24.2,61.7,12.1,13.3,39,40.9,76.7,14.7,30.7,83.1,16.5,28.5,36.4,4,81.3,16.6
47065012200,47065012200,TN,Tennessee,Chattanooga,77.7,36.8,7.8,14,5.3,70.6,5.5,52.5,17.7,16.3,10,14.9,34.4,34.5,23.1,27.2,54.3,41.3,82.4,21.4,49.1,85.5,24.5,46.7,50.8,8.2,82.4,40.5
47065012300,47065012300,TN,Tennessee,Chattanooga,75.3,33.5,10.4,11.2,5.8,74.9,4.1,60.2,24.1,22.5,8.5,12.3,29.1,47.6,17.2,20.1,47.5,39.9,80.8,17.4,41.2,84.8,19.1,37,45.2,5.5,81.6,26.2
47065012400,47065012400,TN,Tennessee,Chattanooga,65.9,13.6,16.6,5.4,2.2,53.6,1.8,61.5,25.7,22.2,3.1,11.5,21.8,57.8,5.9,15,22.1,23.7,80.5,18.2,27.2,81.3,10.4,22.9,38.3,1.8,60.3,20.4
47065980100,47065980100,TN,Tennessee,Chattanooga,,,,,,,,,,,,,,,,,,,,,,,,,,,,
47065980200,47065980200,TN,Tennessee,Chattanooga,,,,,,,,,,,,,,,,,,,,,,,,,,,,
47093000100,47093000100,TN,Tennessee,Knoxville,64.9,20.5,17.7,5.7,4.3,72.3,2,66.3,33.9,36.8,4,10.1,20.1,63.2,6.9,11.5,26.8,30.7,81.8,14.1,28.1,83.8,11.1,19.9,34.3,2,69.9,12.1
47093000800,47093000800,TN,Tennessee,Knoxville,64.5,22,15.2,8.7,3.9,60.8,2.7,56,27.3,27.7,5.5,11.9,28.1,46.1,9.1,18.9,28.9,31.7,79.4,20.2,33.3,79.1,15.7,29.5,38.7,3.1,68,25.9
47093000901,47093000901,TN,Tennessee,Knoxville,60.8,5.9,19.5,3.7,0.7,44.3,0.9,59.7,,,0.9,12.1,22.1,52.9,1.6,16.8,11.6,11.4,,20.6,22.9,70.4,8.1,20.6,35.9,0.5,23.3,
47093000902,47093000902,TN,Tennessee,Knoxville,58.3,6.7,18.7,4.6,0.8,40.8,1.1,61.2,26,25.6,1.2,12,25.1,46.4,1.9,18.5,12.3,12.7,81.5,22.5,24.2,69,9.6,23.3,36,0.6,24.3,24.6
47093001400,47093001400,TN,Tennessee,Knoxville,66.3,34.3,10.5,15.6,5.2,64.2,4.5,47.9,21.8,23.4,9.4,14.2,39,31.5,16.4,27.9,43,42,78.1,25.2,44,80.9,25.8,44.1,43.8,6.1,76,39
47093001500,47093001500,TN,Tennessee,Knoxville,68.1,31.9,14.3,10.4,6.9,75.4,3.3,62.5,31.1,32.3,8,11,26.9,53.5,11.7,16.6,38.3,39.7,77.7,16.8,33.4,81.8,17.4,29.9,37.2,4,78,20.3
47093001600,47093001600,TN,Tennessee,Knoxville,70.8,36.3,13,11.3,8.5,79.5,3.8,64.7,32.1,33.2,9.6,10.7,24.7,55.5,13.3,15.4,42.7,42.9,77.3,15.5,32.7,81.7,18,30.2,35.8,4.7,81.6,19.2
47093001700,47093001700,TN,Tennessee,Knoxville,68.7,34.8,13.1,12.1,7.2,74.7,3.9,60.4,28.8,30.5,9.2,11.4,28.9,48.7,13.9,18.9,41.9,42.4,77.6,17.9,35.9,81.2,19.7,33.4,38.2,4.8,79.4,23.2
47093001800,47093001800,TN,Tennessee,Knoxville,69.5,29.8,15.2,8.3,6.8,80,2.9,66.6,34.2,36.6,6.8,10.1,22.9,61.1,10.4,13.4,36.4,37.9,80.1,14.2,31.7,83.3,14.5,25.1,36,3.2,78,14.5
47093001900,47093001900,TN,Tennessee,Knoxville,74.2,36.3,9.6,12.7,5.7,73,4.7,54.8,21.3,24.8,9,13.7,32.6,38.2,20.2,22.8,52.2,42.8,82.7,20.1,46.8,83.7,22.8,40.9,46.3,6.6,81.8,32.4
47093002000,47093002000,TN,Tennessee,Knoxville,77.1,38.3,8.9,12.7,6,75.9,5.2,56.3,19.6,23.5,10,13.7,31.3,37,23.4,23.5,55.6,43,83.5,19.1,48.9,84.5,23.3,42.4,47.8,7.6,83.7,33.3
47093002100,47093002100,TN,Tennessee,Knoxville,76.3,40.4,8.9,13.5,7.6,75.5,5.4,58.7,23.2,25.3,11.5,12.8,27.6,41.5,21.8,20.9,55.4,46.2,82,17.7,43.5,84.1,22.6,40.2,42.8,7.7,84.6,29.8
47093002200,47093002200,TN,Tennessee,Knoxville,68.3,32.3,13.9,10.5,6.9,76.5,3.4,63,31.7,33.1,8,11.2,26.4,54.1,11.7,15.7,37.4,39.4,78.1,16.9,33.4,82,17.4,29.3,36.7,4,78,19.8
47093002300,47093002300,TN,Tennessee,Knoxville,66.1,27.6,14.6,9.3,5.7,71.1,3.1,61.2,30.7,32.1,6.9,10.9,25.4,52.3,10.4,16.7,33.5,36.4,78.5,17.2,32.8,81.7,16.1,28.1,36.6,3.6,74.5,20.2
47093002400,47093002400,TN,Tennessee,Knoxville,65.8,29,14.1,10.9,5.3,69.2,3.2,58.7,28.1,30.3,7.1,11.9,30.3,47.3,11.5,18.9,35.1,37.9,78.4,19.5,35.2,80,18.3,32,38.5,3.9,74.8,24
47093002600,47093002600,TN,Tennessee,Knoxville,66.6,27.8,12.9,10.5,4.7,65.2,3.3,56.9,26.6,28.2,6.7,12.2,30.7,42.8,12.1,21.7,37,37.6,80.4,20.2,38.1,81.5,18.7,34.1,41.2,4,73.1,26
47093002700,47093002700,TN,Tennessee,Knoxville,67.3,31.3,14,11.1,6.2,72.6,3.3,59.5,29.7,31,7.8,11.9,30,48.7,12,19.2,38,39.3,77.8,18.7,34.9,80.5,18.7,32.4,38.8,4.1,76.8,23.6
47093002800,47093002800,TN,Tennessee,Knoxville,67.9,28.1,12.6,10.5,4.7,68.3,3.6,55.6,25.2,27.1,6.9,12.8,30.9,41.3,13.2,23.3,36.6,35.3,80.3,20.5,39.9,82.1,19.1,35.3,42.5,4.4,74,28.9
47093002900,47093002900,TN,Tennessee,Knoxville,68.3,31.7,12.1,11.7,5.5,70.7,3.7,55.9,27.1,27.9,7.6,12.6,31.8,42.8,13.4,20,40.2,39,79.8,20.4,40.4,83.1,20.3,35.1,41.7,4.6,75.9,26
47093003000,47093003000,TN,Tennessee,Knoxville,69.7,32.4,13.7,9.9,7.1,77.7,3.3,64.9,32.4,34.1,7.8,10.8,25.1,55.4,12,15.5,38.9,39.7,79.1,15.8,33.8,82.3,16.7,28.9,37.3,3.9,79.1,18
47093003100,47093003100,TN,Tennessee,Knoxville,72.7,33.9,13.5,9.1,7.9,81.5,3.3,68.1,33.2,36.8,8,10.4,22.3,60.5,12.7,13.1,41.9,40.7,80.2,13.9,32.8,82.8,15.6,27.3,36.5,3.9,81.8,15.3
47093003200,47093003200,TN,Tennessee,Knoxville,75.9,35.5,10.7,10.2,7.1,79.1,4.2,63.1,27.8,29.3,8.9,11.7,24.6,49.7,17.4,17.2,49.5,41.5,82.7,15.5,40.3,84.6,18.3,33.7,41.9,5.5,83,21.5
47093003300,47093003300,TN,Tennessee,Knoxville,75.8,32.1,13.3,6.6,8.1,86.6,3,74.1,36.5,40.7,6.9,9.4,15.1,71.1,11.9,8.3,43,40.6,82.8,10.5,30.7,86,12.2,20.5,34.1,3.2,83.5,8.9
47093003400,47093003400,TN,Tennessee,Knoxville,69,29,15.9,7.8,7.1,79.7,2.7,68.5,36.3,38,6.6,9.7,20.9,64.4,9.5,11.6,34.5,37.4,79.3,13.4,29.3,83.1,13.4,22.9,34.1,3,77.8,12.7
47093003500,47093003500,TN,Tennessee,Knoxville,64.1,16.5,19.3,5.2,3.8,63.4,1.8,67,35.2,37.3,3.8,10.3,18,64.8,5.5,11.7,21.5,26.7,79.1,14.8,23.4,78.2,9.6,18.4,31.9,1.8,66.7,13.3
47093003700,47093003700,TN,Tennessee,Knoxville,65.6,24,16.2,7.4,5.1,71.2,2.5,65,33.1,35.2,5.3,10.4,22.6,58.6,8.6,14.1,31.3,34.8,80.1,15.3,29.6,82.2,13.3,23.5,35.6,2.7,72.6,15.1
47093003801,47093003801,TN,Tennessee,Knoxville,64.4,20,16.4,6.3,4.2,67.5,2.2,64.4,33,33.2,4.5,10.4,21.5,57.3,7.2,14.8,26.1,29.9,80.9,15.6,27.8,80.7,11.9,22.8,35.5,2.3,68.2,16.1
47093003802,47093003802,TN,Tennessee,Knoxville,67.1,24,17.2,6.6,5.1,76.5,2.3,67.5,33.3,37.8,4.6,10.2,22.7,62.1,8.3,12.8,30.7,33,81.1,14.4,31,83.9,12.5,22.3,36.7,2.4,73,12.7
47093003901,47093003901,TN,Tennessee,Knoxville,69.2,29.2,14.7,8.4,6.5,77.6,2.9,66.1,33.3,36.4,6.7,10.5,23.5,58.8,10.7,14,36.1,37.6,79.8,15,31.9,82.6,14.8,26,36.7,3.3,77.6,15.4
47093003902,47093003902,TN,Tennessee,Knoxville,68.6,31.7,13.9,10.3,6.7,76,3.3,62.7,31.4,33.9,8,11,26.7,53.1,12.1,17.3,39.2,40.2,78,16.6,34.1,81.7,17.4,30.2,37.7,4,78.2,20.2
47093004000,47093004000,TN,Tennessee,Knoxville,67.6,27.8,15.4,8.4,6.2,75.1,2.8,65.8,33.7,34.9,6.4,10.5,23.4,58,9.8,15.6,34.1,36.6,79.2,15.3,31.5,82.5,14.7,25.9,36,3.2,75.7,16.2
47093004100,47093004100,TN,Tennessee,Knoxville,68.6,30.7,15.3,9.2,6.9,79.2,3,66.3,33.6,36.4,7.3,10.4,24.9,58.3,10.7,14.5,35.5,38,78.6,15.2,31.8,81.5,15.5,26.8,36,3.4,77.9,16.2
47093004200,47093004200,TN,Tennessee,Knoxville,70.1,30.5,15.4,7.9,7.5,82.5,2.7,69,37.2,39.4,6.8,9.9,20.7,65.9,9.8,11.3,35.8,38.4,79.4,13.2,29.4,83.3,13.7,22.9,34.1,3,79.1,11.9
47093004300,47093004300,TN,Tennessee,Knoxville,69.2,27.2,15.8,7.3,6.2,76.3,2.6,68.3,35.1,38,6,10.2,21.1,63.1,9.6,12.4,36.2,37.7,80.9,13.9,30.3,82.9,13.2,23.1,35.3,2.9,77.6,13.2
47093004401,47093004401,TN,Tennessee,Knoxville,72.1,28.1,16,5.5,8.1,86.7,2.3,75.5,42.4,45.4,5.7,8.6,13.3,76.6,8.2,6.9,33.7,37.3,81.5,9.6,24.8,85.3,9.9,16.3,30.1,2.3,80.5,6.4
47093004403,47093004403,TN,Tennessee,Knoxville,69.6,27.8,15.5,7.2,7.3,77.4,2.7,69.6,36.1,37.6,6.5,9.6,18.8,64.7,9.1,13.1,34.1,36.7,78.6,12.8,26.7,81.7,12.5,23.2,33.3,3,78.4,13
47093004404,47093004404,TN,Tennessee,Knoxville,71.2,27.2,15.6,5.8,7.8,81.2,2.5,72.3,39.1,39.4,6.1,8.8,14.1,72.3,8.3,9.2,33.3,36,81.2,10.4,24.1,83.6,10.5,18.7,30.7,2.6,79.7,8.9
47093004500,47093004500,TN,Tennessee,Knoxville,69.3,25.1,16.2,5.8,7,77.9,2.5,71.5,38.1,38.3,5.9,9,15.3,68.8,7.9,11.1,30.7,33.8,80.3,11.4,24.5,83,10.6,19.5,31.5,2.6,77.3,10.3
47093004606,47093004606,TN,Tennessee,Knoxville,88,56,3.7,11.4,18.4,95.5,5.2,80.7,39.4,42,11.6,9.8,8.5,75,16.9,5.6,59.5,52.9,78.4,7.9,24.8,82,16.1,27.5,25.2,5.5,93,8.7
47093004607,47093004607,TN,Tennessee,Knoxville,68.3,24,17.8,5.8,5.6,81.9,2.1,70.7,38.2,42.9,4.5,9.4,19.6,68.6,7.8,10.4,29.8,33.2,81.3,12.3,29,84.5,11.1,19.4,34.9,2.1,74.3,9.3
47093004608,47093004608,TN,Tennessee,Knoxville,68.3,26.5,16.6,7,6,80.5,2.4,69,36.4,39.6,5.5,10,21.9,63.9,8.9,12,31.8,34.5,80.5,13.8,31,84.1,12.9,22.2,36,2.6,75.3,11.9
47093004609,47093004609,TN,Tennessee,Knoxville,,,,,,,,,,,,,,,,,,,,,,,,,,,,
47093004610,47093004610,TN,Tennessee,Knoxville,70.6,32.6,13.8,9.2,8.4,77.6,3.7,63.3,32.5,30.6,9.4,9.4,20.8,57.1,12.1,15.1,41.2,40.5,81.9,13.5,29.7,82.9,15.7,27.8,35,4.5,80.4,17.2
47093004611,47093004611,TN,Tennessee,Knoxville,,,,,,,,,,,,,,,,,,,,,,,,,,,,
47093004613,47093004613,TN,Tennessee,Knoxville,66.4,24.9,16.9,7,5.3,75.9,2.3,68.2,35.6,39.1,4.9,10.1,23.4,62,8.3,13.2,32,35.4,79.2,14.6,30.5,82.9,13,22.9,36.1,2.4,73.6,12.5
47093004614,47093004614,TN,Tennessee,Knoxville,69,25.7,16.7,6.2,6.5,79.3,2.4,71.5,37.1,40.9,5.3,9.5,18.4,68,8.2,10.7,32.3,35.2,80.4,12.2,27.5,84,11.3,20.1,33.6,2.4,76.5,10.1
47093004615,47093004615,TN,Tennessee,Knoxville,66.9,26.7,14.9,8.2,5.7,73,2.8,63.3,32.6,32.7,6,10.7,24.2,56,9.5,15.2,33.6,35.6,79.9,16.1,32.4,83.1,14.8,26.2,36.8,3.1,74.1,17.5
47093004700,47093004700,TN,Tennessee,Knoxville,69.9,30.8,15.3,8.4,7.4,79.8,2.9,68.4,35.9,37.9,7.1,10.1,22.1,62.6,10.4,12.4,36.8,38.8,79.1,14,30.2,82.3,14.3,24.6,34.9,3.3,79.2,13.9
47093004800,47093004800,TN,Tennessee,Knoxville,69.7,31.6,14.5,9.2,7.3,80.2,3.1,66.5,34.3,36.8,7.4,10.5,23.7,59.3,11.1,14.2,37,38.6,78.7,14.8,31.8,82.3,15.6,26.7,36.1,3.5,78.8,16
47093004900,47093004900,TN,Tennessee,Knoxville,69.2,28.5,16,7.7,7.1,78.1,2.8,68.7,36,37.2,6.7,9.8,21.2,63.1,9.5,12.3,34.1,36.6,78.8,13.7,28.7,81.7,13.3,23.6,34.5,3.1,78,13.4
47093005000,47093005000,TN,Tennessee,Knoxville,69.8,32.8,14.2,9.6,7.5,79.5,3.2,65.7,33.6,35.4,7.9,10.5,23.4,59.9,11.3,13,38.6,40.4,79.1,15,31.6,82.3,16,26.6,35.4,3.7,79.6,15.9
47093005100,47093005100,TN,Tennessee,Knoxville,70.3,29.6,15.8,7.3,7.5,82.7,2.6,71.3,38,40.9,6.6,9.5,18.6,68.3,9.3,10.6,35.3,38.3,80.2,12.3,28.2,83.9,12.7,21,32.8,2.8,79.2,10.9
47093005201,47093005201,TN,Tennessee,Knoxville,,,,,,,,,,,,,,,,,,,,,,,,,,,,
47093005202,47093005202,TN,Tennessee,Knoxville,66.5,26.5,17.2,8,5.3,76.3,2.4,65.6,32.8,36.1,5.1,10.8,27.8,57.9,9.3,15.1,33.1,35.6,80.2,16,32.4,81,14.4,25.8,38.6,2.6,74.1,13.8
47093005301,47093005301,TN,Tennessee,Knoxville,67.9,23.8,16.2,6.9,5.1,74.1,2.3,68.8,36.3,40.5,4.8,10.8,23,61.4,8,13.2,30.6,33.2,76,15.2,30.5,83.7,12.7,23,36.8,2.4,72.7,13.7
47093005302,47093005302,TN,Tennessee,Knoxville,,,,,,,,,,,,,,,,,,,,,,,,,,,,
47093005401,47093005401,TN,Tennessee,Knoxville,63.1,21.4,18,6.7,3.7,71.6,2.1,60.4,29.4,,3.9,10.1,28.4,54.6,7.8,18.2,29.6,32.6,79.6,16.6,34.6,83.4,14,26.2,39.5,2,66.8,13.9
47093005402,47093005402,TN,Tennessee,Knoxville,,,,,,,,,,,,,,,,,,,,,,,,,,,,
47093005501,47093005501,TN,Tennessee,Knoxville,,,,,,,,,,,,,,,,,,,,,,,,,,,,
47093005603,47093005603,TN,Tennessee,Knoxville,70.6,32.3,15.3,8.5,8.1,81.2,3,68.8,36.1,37.3,7.8,9.6,20.7,64.6,10.5,12.1,37.7,40,79.9,13.1,29,82,14.3,24.4,33.7,3.4,80.5,13.2
47093005604,47093005604,TN,Tennessee,Knoxville,80.8,49.5,7.3,12.1,14.5,91.1,4.9,71.1,36.8,34.8,12.7,9.9,14.6,66.7,15.4,9.3,52.3,48.2,79,11.1,27.4,82.7,18.3,30.3,29.8,6,89.2,13.6
47093005701,47093005701,TN,Tennessee,Knoxville,66.8,20.9,19.5,4.7,5.5,79.6,1.8,72.8,40.6,43.7,3.9,9,15.2,73.6,6,8.4,25.9,30.9,81.3,11.1,24.5,85.2,9,15.4,31.2,1.7,72.7,7.7
47093005704,47093005704,TN,Tennessee,Knoxville,64.3,15.2,20.7,3.8,3.6,73.7,1.5,69.9,38.1,41.7,2.6,9.3,17.3,70.1,4.6,10.2,20.7,25,81.4,12.3,24.6,83.9,8.1,15.6,33.7,1.2,63.3,8.1
47093005706,47093005706,TN,Tennessee,Knoxville,,,,,,,,,,,,,,,,,,,,,,,,,,,,
47093005707,47093005707,TN,Tennessee,Knoxville,,,,,,,,,,,,,,,,,,,,,,,,,,,,
47093005709,47093005709,TN,Tennessee,Knoxville,70.3,26.6,16.1,5.8,6.3,86.2,2.1,73.6,36.9,45.5,4.3,9.3,17.2,73.6,8.1,7.6,32.4,37,80.7,11.4,27,84,11,18,33.7,1.9,77.6,5.8
47093005710,47093005710,TN,Tennessee,Knoxville,,,,,,,,,,,,,,,,,,,,,,,,,,,,
47093005711,47093005711,TN,Tennessee,Knoxville,,,,,,,,,,,,,,,,,,,,,,,,,,,,
47093005712,47093005712,TN,Tennessee,Knoxville,83.3,46.4,7.1,8.2,16.6,92.3,4.6,76.6,40.4,38.6,12.4,7.6,7.8,75.6,13,7.5,52.5,46.2,79.6,7,20.2,86.1,13.2,24,25.1,5.2,90.2,8.6
47093005803,47093005803,TN,Tennessee,Knoxville,,,,,,,,,,,,,,,,,,,,,,,,,,,,
47093005807,47093005807,TN,Tennessee,Knoxville,69.2,26.6,16.1,6.3,6.1,83.9,2.2,70.5,37.5,43.4,4.8,9.5,18.1,70.4,8.5,8.9,33.2,37.1,81.8,12.1,28.9,84.5,11.8,19,34,2.2,76.4,8.4
47093006002,47093006002,TN,Tennessee,Knoxville,,,,,,,,,,,,,,,,,,,,,,,,,,,,
47093006102,47093006102,TN,Tennessee,Knoxville,,,,,,,,,,,,,,,,,,,,,,,,,,,,
47093006104,47093006104,TN,Tennessee,Knoxville,68.5,28.6,16.1,8,7,77.2,2.7,66.2,37,41.2,7,10,21.6,63.2,9.5,12.9,34.2,37.4,76.5,14.2,28.5,82.9,13.6,23.8,33.9,3,78.2,14.8
47093006207,47093006207,TN,Tennessee,Knoxville,70,30.2,15.4,8.1,8,80,2.9,70.8,37.3,39.4,7.1,10.1,20.3,64.5,9.6,12.2,33.8,36.6,77.4,13.5,27.6,82.1,13.3,23.6,33.2,3.2,79.7,13.3
47093006208,47093006208,TN,Tennessee,Knoxville,,,,,,,,,,,,,,,,,,,,,,,,,,,,
47093006600,47093006600,TN,Tennessee,Knoxville,66,29.7,14.5,10.3,5.7,73.4,3.3,58.5,29.3,30.8,7.5,11,28.3,50.1,12,16.9,37.4,39,80.1,17.6,35.4,81.9,17.7,29.7,37.9,3.9,76,21.3
47093006700,47093006700,TN,Tennessee,Knoxville,70.9,35.7,10.8,13.5,5.6,70.3,4.7,53.7,21.4,23.8,9.5,13.4,34,37.4,19.2,23.4,49.7,43.5,81.8,20.9,45.1,82.8,23.5,40.2,44.7,6.5,80.2,33.2
47093006800,47093006800,TN,Tennessee,Knoxville,73.5,33,9.8,11.7,4.8,70.4,4.3,53.6,20.6,23.9,7.7,14.1,32.3,37.7,18.5,23,48.1,39.7,83.2,20.8,46.6,83.8,21.8,39.6,46.7,5.9,79.2,31.7
47093006900,47093006900,TN,Tennessee,Knoxville,59.4,11.1,17,6,1.7,45.3,1.7,52.3,25.9,22.5,2.7,12.1,25.4,45.4,4,18,17,19.6,79.7,22.4,26.9,73.1,11.7,25,36,1.5,44.2,29.3
47093007000,47093007000,TN,Tennessee,Knoxville,70.3,30.6,11.4,11.3,4.8,69.9,4,53.5,23.1,24.9,7.5,13.2,31.7,39.3,15.5,22.3,41.4,36.9,81.7,20.9,43.5,84.1,20.6,36.8,44.6,5.2,75.9,30.1
47093007100,47093007100,TN,Tennessee,Knoxville,71.9,28.1,15.3,5.6,7.9,84.6,2.5,74.9,41.2,42.7,5.9,8.7,12.4,75.9,8.4,6.8,34.1,37.9,81.6,9.8,24.6,85,10.1,16.4,29.3,2.4,80.8,6.6
47125100100,47125100100,TN,Tennessee,Clarksville,65.6,18.3,17.2,7.6,2.7,55.6,2.3,50.6,29.7,23.6,4.5,11.4,30.4,44.4,8.4,22.8,28.9,29.4,77.3,19.8,39.2,77.9,15.1,31.6,44.5,2.6,62.3,30.3
47125100200,47125100200,TN,Tennessee,Clarksville,70,29.6,14.6,10.1,5.5,71.7,3.3,57.2,31.5,26.6,7.4,11.1,27.6,51.4,12.4,18,36.9,37.7,77.5,17.4,40.4,82.1,17.7,32.4,42.5,4,76.3,24.7
47125100300,47125100300,TN,Tennessee,Clarksville,71.2,29.1,14.5,9.3,5.6,74,3.1,59.6,33.9,28.3,6.9,11.2,25.6,55.2,11.7,16.7,36,36.7,77.5,16.6,39,82.2,16.5,30.6,42.1,3.6,76.7,22
47125100400,47125100400,TN,Tennessee,Clarksville,73.4,32.5,12,11.3,5.3,70.8,3.9,54.4,26.3,22.6,7.9,12.7,29.9,44.8,16.3,21.6,44.2,39.5,80,19.1,46.3,82.8,20.5,38.2,46.9,5.2,79,30.7
47125100500,47125100500,TN,Tennessee,Clarksville,71.6,28.8,15.1,8.6,6.2,74.3,3,62.3,35.4,29.6,7,10.6,22.8,58.9,11.1,15.3,35.2,36.6,77.1,15.2,36.1,82.1,15.2,28.4,40.1,3.5,77.7,19.2
47125100601,47125100601,TN,Tennessee,Clarksville,76.6,36.6,12.7,9,9.6,83.6,3.5,69.1,39.7,33.9,9.4,9.3,17,68.1,12.7,11.1,43,43,76.8,11.5,32.4,82.6,14.7,26.6,35.3,4,84.6,14.1
47125100602,47125100602,TN,Tennessee,Clarksville,74.3,32.7,14.4,8.6,8.3,78.9,3.2,68.3,38.8,32.9,8.5,9.6,18.4,65.8,11.4,12.5,37.9,39.5,76.2,12.7,32.1,81.6,14.2,26.5,36.4,3.7,82.1,15.3
47125100700,47125100700,TN,Tennessee,Clarksville,74.7,32.3,12.9,9.4,6.6,77.1,3.5,62.2,33.2,28.8,7.9,11,22.2,58,14,15.4,41.6,39.7,78.7,14.7,39.1,83.5,16.4,30.2,41.1,4.2,80.9,20.1
47125100800,47125100800,TN,Tennessee,Clarksville,70.5,21.2,12.9,8.6,2.9,56.3,3,50.3,22.3,18.6,5,13.8,27.7,43.3,11.1,21.2,31.2,30,82.3,22,41.2,82,16.7,34.4,45.7,3.6,68.7,34.7
47125100900,47125100900,TN,Tennessee,Clarksville,70.9,25.6,14.7,8.1,4.2,67.6,2.9,56.4,30.2,27.7,5.6,11.2,27.4,50.2,11.9,21.6,38.1,35.9,78.2,17.2,42.9,82.7,16.3,33,45.8,3.3,74.4,24.1
47125101001,47125101001,TN,Tennessee,Clarksville,71.6,27.5,15.1,8.2,5.5,72.6,2.9,62.1,35.2,30.7,6.4,10.7,23.7,57.3,11.4,17.3,36.2,36.7,77.4,15.5,37.9,82.3,15.1,29.4,41.9,3.3,76.7,19
47125101002,47125101002,TN,Tennessee,Clarksville,72.1,24.1,16,6.6,4.4,74.5,2.4,63,34.3,31.9,4.7,10.7,22.4,61.2,10.2,14.5,33.5,33.3,80,14.8,38.1,83.6,13.3,25.9,43,2.5,74.7,14
47125101101,47125101101,TN,Tennessee,Clarksville,70.3,26.2,15.1,8.5,4.9,70.2,2.9,60.7,32,29.4,6.2,11.1,25.7,53.3,11.5,19.3,33.4,34.8,77,16.8,38.3,81.2,15.6,31.1,42.9,3.3,74.9,21.5
47125101102,47125101102,TN,Tennessee,Clarksville,69.6,24.6,15.5,7.9,4.3,69.3,2.7,58,32.2,28.8,5.3,11.2,26.5,53,10.4,18.4,32.9,33.4,78.2,17.2,39.5,82.3,15.3,30.2,43.7,3,72.5,21.2
47125101103,47125101103,TN,Tennessee,Clarksville,70.5,30.2,15,9.8,5.9,74.3,3.1,60.5,33.7,30.3,7.4,10.9,26.7,55.4,11.8,16.5,36.3,38.1,76,16.6,38.3,81.6,16.9,30.8,41.8,3.6,77,20.4
47125101201,47125101201,TN,Tennessee,Clarksville,71.2,23.1,14.9,7,3.7,71,2.5,55.7,30.8,28.1,4.2,11.6,25.5,53.8,10.4,18.1,32.3,31,79.9,17,41.2,83.4,14.7,29.7,45.8,2.7,71.7,18.9
47125101202,47125101202,TN,Tennessee,Clarksville,70.5,25.3,16.1,7.6,4.9,72.5,2.6,61.5,34.6,31.9,5.5,10.6,24.3,57.8,10.4,16.3,33.6,34.5,77.1,15.6,38,82.4,14.4,27.9,42.4,2.9,74.6,17.7
47125101303,47125101303,TN,Tennessee,Clarksville,68.6,18.7,17.9,5.4,3.3,70.2,2,61.1,32.8,31.4,3.5,10.3,23.1,59.1,7.8,16.6,26.5,27.5,79.4,15.2,36.1,82.7,11.8,25,43,2,67.5,15.9
47125101304,47125101304,TN,Tennessee,Clarksville,69.2,21.2,16.1,6.8,3.7,67,2.5,58.7,31,28.2,4.6,11,24.6,53.6,9.3,18.6,29.4,29.8,78.7,16.8,38.2,82.2,13.6,28.4,43.4,2.6,69.5,20.9
47125101305,47125101305,TN,Tennessee,Clarksville,67.8,18.6,18.2,5.4,3.3,70.6,2,60.6,36.6,31.6,3.2,10.3,23.6,59.3,7,15.8,26.3,27.3,78.8,15.4,37.1,84.1,11.8,24.2,43.3,1.9,65.3,15.5
47125101306,47125101306,TN,Tennessee,Clarksville,68.8,19.2,17.7,5.7,3.3,69.5,2,59.1,32.7,30.8,3.5,10.7,23.7,58.4,7.8,16.6,27.7,28.2,79.8,15.7,37,83.1,12.3,25.3,43.3,2,67.7,16.4
47125101307,47125101307,TN,Tennessee,Clarksville,70.7,26,14.9,8.2,4.6,69.3,2.9,57.3,32.3,28.5,6,11,25.5,53,11.7,17.8,35.8,35.9,78.3,16.8,39.7,82.2,15.7,30.7,43.6,3.3,75,20.6
47125101400,47125101400,TN,Tennessee,Clarksville,64.3,11.9,22,3.8,2,64.6,1.3,57,34.7,32,1.6,9.7,23.5,60.8,3.8,16.1,18.8,20.5,79.1,15.1,33.5,83.8,9.2,21.1,42.1,1,50.5,12.8
47125101802,47125101802,TN,Tennessee,Clarksville,71.5,26.5,17.3,6.6,6.1,79.9,2.3,67.2,41.3,36.5,5.4,9.5,19.5,69.3,8.8,11,32.3,35.4,78.3,12.6,32.9,83.7,12.2,22.3,37.7,2.4,77,11.8
47125101803,47125101803,TN,Tennessee,Clarksville,73.7,29.2,15.2,6.8,7.2,82.5,2.7,68.2,40.9,35,6.4,9.3,16.6,70.8,9.8,9.7,35.2,37.4,78.9,11.5,32.1,84.6,12.3,22.1,36.3,2.8,80.1,11.3
47125101804,47125101804,TN,Tennessee,Clarksville,74.2,30.4,15.3,7.1,7.5,84.7,2.6,69.6,41.5,36.4,6.6,9.2,17.8,71,10.1,10.1,35.8,37.9,77.7,11.6,32.7,83.9,12.7,23,37.1,2.8,80.5,11.3
47125101902,47125101902,TN,Tennessee,Clarksville,73.6,28.5,16.2,6.7,6.6,82.5,2.4,68.5,41.7,37.2,5.9,9.4,17.4,71.8,9.6,9.4,34.4,37.4,79,11.8,32.7,83.4,12.3,21.4,37,2.5,79.4,10.4
47125101903,47125101903,TN,Tennessee,Clarksville,71.5,25.4,17,6.6,5.5,77.5,2.3,65.7,39,34.5,5.3,9.8,20.5,66.5,9.1,12.3,32.7,34.7,78.5,13.2,34,83,12.5,23.6,39.6,2.5,76.2,13.4
47125101904,47125101904,TN,Tennessee,Clarksville,,,,,,,,,,,,,,,,,,,,,,,,,,,,
47125102001,47125102001,TN,Tennessee,Clarksville,70.7,24.4,17.6,6.6,5.1,77,2.3,64.5,38.6,35,4.9,10.1,21.9,65,8.8,13.2,31,33,78.1,14,35.1,83.1,12.7,23.9,40.7,2.4,74.4,13.9
47125102002,47125102002,TN,Tennessee,Clarksville,68.4,18.6,19.1,4.9,3.6,75.1,1.8,64.5,38.7,34.8,3.2,9.8,21.3,65.1,6.5,13.2,24.5,26.7,79.6,13.9,34.7,84.8,10.7,21.5,41.2,1.7,66.7,12.7
47125102003,47125102003,TN,Tennessee,Clarksville,67.6,15.9,19.7,4.4,2.9,71,1.6,61.8,36.8,32.6,2.5,9.9,21.7,63.5,5.7,14.8,23.5,24.8,80.3,14.1,34.4,84.2,10,21.7,41.8,1.4,63,12.6
47125102004,47125102004,TN,Tennessee,Clarksville,69.2,16.4,19.5,4.4,3,71.9,1.7,62.9,37.5,34.4,2.6,9.9,20.6,64.9,6.3,13.9,25.1,25.9,80,13.7,34.5,83.6,10,21.3,42.3,1.5,65.6,11.5
47125102005,47125102005,TN,Tennessee,Clarksville,68.5,18.6,17.5,5.2,3.4,71.2,1.9,62.4,36.8,32,3.3,10.1,20.9,61.8,7,14,25.7,27.3,80.5,14.4,35,84.3,11.1,23,41.1,1.9,67,14.4
47125102006,47125102006,TN,Tennessee,Clarksville,68.7,18.9,19.2,4.9,3.8,75.4,1.8,65.2,38.8,35.9,3.2,9.7,21,66.2,6.6,13.3,26,28,79.5,13.5,34.5,85,10.6,21.2,41.3,1.7,67.6,11.5
47149040302,47149040302,TN,Tennessee,Murfreesboro,67.4,23.3,17.3,6.5,5.4,77.2,2.3,60.8,33.9,33.7,4.6,9.6,23.4,61.4,8.2,14.8,30.5,34.2,76.4,13.3,30.1,84.7,12.1,25.5,39.1,2.3,73.9,14.8
47149040701,47149040701,TN,Tennessee,Murfreesboro,64.1,15,21.1,4.5,3.3,70.3,1.5,64.8,35.4,35.2,2.7,9.6,21.8,63.9,5,12.8,21.7,26.4,77.2,13.4,27.2,84.4,9,19.8,38,1.4,62.3,12.2
47149040702,47149040702,TN,Tennessee,Murfreesboro,65.1,19.8,19.2,5.9,4,77.2,1.8,61.3,27.4,40.5,3.5,10.2,25.3,62.3,6.5,13.1,26,30.6,76,14.5,31.4,86.3,11.5,22.5,39.3,1.8,67.7,13.2
47149040808,47149040808,TN,Tennessee,Murfreesboro,66.7,19.5,18.7,5.2,4.3,78.7,1.8,63.6,34.5,36.5,3.5,9.4,21.1,66.2,6.8,11,26.9,31.4,78.2,12.6,30,86.5,10.4,20.5,38.3,1.7,69.6,10.6
47149040901,47149040901,TN,Tennessee,Murfreesboro,66.1,20,19.2,5.7,4.6,76,1.9,62.4,35.9,34.4,4.3,9.3,21.5,63.9,7.2,13.5,26.3,32.1,77.9,13,28,83.6,10.9,22.2,37.6,1.9,71,13.3
47149040902,47149040902,TN,Tennessee,Murfreesboro,65.5,16,20.6,4.2,3.7,76.3,1.5,66.7,36.8,37.4,2.7,9.2,19.1,68.4,5.2,10.6,22.2,27.2,79,12,27.1,86.3,8.6,17.9,37.2,1.3,65.3,8.9
47149040903,47149040903,TN,Tennessee,Murfreesboro,65.7,17.7,19.9,4.9,4.1,74.4,1.7,65.4,35.9,36.5,3.3,9.4,21.1,64.7,6,12.2,24.4,29,77.6,12.8,28,85.2,9.6,20.4,37.8,1.6,67.6,11.3
47149040904,47149040904,TN,Tennessee,Murfreesboro,69.3,23.9,17.1,6.2,5.8,80.2,2.2,66.1,36.1,36.3,4.9,9.3,19.5,67,8.4,10.7,31.5,35.8,78.2,12,28.9,85.5,11.2,21.6,36.9,2.2,75.8,10.9
47149040905,47149040905,TN,Tennessee,Murfreesboro,66.8,19.3,19.1,5.4,4.6,75.8,1.9,67.2,36.3,36.1,3.9,9.7,20.8,64.8,6.7,12.3,25.7,30,77.6,12.9,28.3,85.2,10.1,20.8,37.6,1.9,69.7,12
47149041000,47149041000,TN,Tennessee,Murfreesboro,67.6,20.8,18.6,5.5,4.7,79.3,1.9,63.9,36.2,35.7,3.9,9.4,20.8,67.4,7.1,11.1,28,32.9,77.9,12.4,29,85.7,10.7,20.9,37.7,1.8,71.8,11.1
47149041101,47149041101,TN,Tennessee,Murfreesboro,69,22.3,17.7,5.6,5.3,82.3,2,66.6,37.1,37.9,4.3,9.3,19,68.9,7.7,10,28.4,33.4,78.3,11.7,29,86.3,10.6,20.3,36.7,2,73.8,10.1
47149041201,47149041201,TN,Tennessee,Murfreesboro,69.6,23.9,17.4,5.9,6,82.4,2.1,68.6,37.2,38.5,5,9,18.9,69.4,8.2,10,31.3,36.1,78.1,11.3,28.2,85.8,10.7,20.4,36.1,2.1,76.2,9.5
47149041202,47149041202,TN,Tennessee,Murfreesboro,,,,,,,,,,,,,,,,,,,,,,,,,,,,
47149041301,47149041301,TN,Tennessee,Murfreesboro,73.7,28.6,15.2,6.2,7.9,87.7,2.4,70.4,39.8,40.1,6.2,8.7,14.3,75.2,9.4,7,35.1,40.2,78.7,9.6,26.4,86.1,10.7,18.8,32.7,2.4,81.4,7.8
47149041302,47149041302,TN,Tennessee,Murfreesboro,73.1,29.4,14.9,7,8.2,84.3,2.7,69.2,37.4,35,7,9,16.1,70.1,9.8,9.6,35.3,39,77.9,10.6,26.9,85.5,11.7,22,33.6,3,81.1,10.7
47149041401,47149041401,TN,Tennessee,Murfreesboro,68.2,22.1,16.7,6.6,5.1,71.8,2.3,63.2,33.4,31.7,5.1,10.2,20,62,8.2,12.5,29,33.8,77.5,13.9,28.4,83.7,11.6,23.2,36.6,2.4,73.9,14.8
47149041402,47149041402,TN,Tennessee,Murfreesboro,65.4,18.9,17,6.8,3.8,65.6,2.3,59,30.8,28.8,4.4,11,24.3,52.9,7.6,16.6,24.7,28.8,77.3,16.7,31.1,83.4,12.4,26.1,39.4,2.3,66.8,19.8
47149041403,47149041403,TN,Tennessee,Murfreesboro,65.8,19,17.1,6.5,4,65.7,2.2,59.8,31.4,28.9,4.6,10.5,21.7,56.1,7.4,14.2,25.2,29.9,77.5,15.6,29.3,82.9,11.7,24.1,37.7,2.3,68.2,17.7
47149041500,47149041500,TN,Tennessee,Murfreesboro,62.8,6,18.7,4,0.7,51.5,1,42.7,,,1.1,12.1,22.3,48.8,2,17.7,9.8,10.5,77.8,19.9,25.9,76.8,8.4,22.8,39.2,0.6,23.4,
47149041600,47149041600,TN,Tennessee,Murfreesboro,66.7,23.6,16,8.3,5.2,67,2.8,58.9,29.2,26.9,6.2,10.8,24,52.6,9.7,17.5,31.4,35.1,76,15.9,31.1,83,14.1,28.2,38.1,3.3,73.3,22.1
47149041700,47149041700,TN,Tennessee,Murfreesboro,68.8,27.7,14.9,8.8,6.2,75.2,3,60.5,31.3,29.3,7,10.2,23.6,55.5,11,14.9,34.7,38,76.8,14.6,32.7,84.5,14.7,28.1,38.2,3.5,76.9,18.1
47149041800,47149041800,TN,Tennessee,Murfreesboro,65.8,24.3,15.3,9.5,4.3,65.4,2.9,52.7,26.9,25.5,6.1,11.5,31.5,43.8,10.9,21.8,34.7,36.5,76.5,18.4,36.7,83,16.8,33.6,43.1,3.4,71.2,26.5
47149041900,47149041900,TN,Tennessee,Murfreesboro,68.9,26.7,13.1,10,4.7,65.7,3.6,53,23.2,22.1,7,12.4,29.3,42,14.1,23.3,38.4,37.8,79.6,18.6,38.7,83.6,17.9,36.3,43.6,4.6,75.8,30.8
47149042000,47149042000,TN,Tennessee,Murfreesboro,70.4,26.2,15.3,7.1,6.4,78.9,2.7,65.8,34.4,34.4,6.3,9.3,18.7,63.4,10.1,13.4,34.5,38,77.1,12,29.8,85,12.3,24.1,36.3,2.8,78.3,13.3
47149042100,47149042100,TN,Tennessee,Murfreesboro,65,18.2,16.5,6.9,3.4,61.3,2.3,56.2,27.9,26.8,4.5,11,24.8,49.8,8.2,18.7,26.4,30.4,77.5,17.1,31,81.9,12.8,27.9,39.9,2.4,66.4,22.5
47149042300,47149042300,TN,Tennessee,Murfreesboro,64.3,16.9,20.3,5,3.6,73.2,1.7,63.8,34.1,34.7,2.9,9.5,23.9,61.6,5.7,14.1,24.1,28.1,77.6,13.7,30,86,10.1,21.7,39.5,1.5,64.4,12.3
47157000100,47157000100,TN,Tennessee,Memphis,64,14.5,18.2,3.2,3.4,75.8,1.5,72.7,32.9,42.1,2.5,8.5,13,73.7,5,8.5,20.5,24.9,84.4,10.2,24.1,84.1,7,14.1,31.8,1.3,67.7,6.8
47157000200,47157000200,TN,Tennessee,Memphis,74.4,32.9,8.7,12.6,4.4,68,4.9,54,15.3,21.5,8.5,14.8,34.5,33.1,20.8,28,49.7,38.7,83.8,21.7,51.3,83.2,23.1,44,48.7,7.3,79.8,40
47157000300,47157000300,TN,Tennessee,Memphis,76.7,37.9,8.1,14,5.4,72.5,5.7,54.2,14.8,22.1,10.8,14.2,33.3,33.4,25,27.7,56.3,43,83.3,20.1,52.6,84,24.6,45.6,48.3,8.8,83.7,39.6
47157000400,47157000400,TN,Tennessee,Memphis,75.7,38.4,7.7,15,5.3,69.4,6,51.5,14.3,20.4,11.2,14.3,34.8,30.1,25.8,30.3,57.1,44.2,83.4,21.2,53.4,83.2,26.2,48.6,48.4,9.5,83.7,45
47157000600,47157000600,TN,Tennessee,Memphis,78.1,39.4,8,13.7,6.2,72.8,5.8,56.3,15.7,22.2,11.1,13.8,30.5,36.4,25.2,26.1,59.6,45.4,83.5,18.6,50.6,83.4,23.9,44.9,47.1,9,85.3,37.7
47157000700,47157000700,TN,Tennessee,Memphis,76.5,32.4,9.4,9.8,5.3,73.7,4.3,61.6,18.8,27,7.8,12.8,25.2,46.9,18.8,20,50.1,39.6,84.6,16.4,45.4,84.7,18.2,35.3,44.1,6,82.5,27
47157000800,47157000800,TN,Tennessee,Memphis,76.5,39.4,7.2,15.8,5.6,69.5,6.3,51.2,14.1,19.8,11.7,15.4,34.8,29.8,26.3,30.8,57,44.4,82.7,21.9,52.6,82.3,26.9,49.5,48.3,10,83.8,46.4
47157000900,47157000900,TN,Tennessee,Memphis,77.9,40,7.4,14.4,6.1,73.5,6.2,55.4,15.3,21.8,11.4,14.1,30.9,34.7,26.1,26.4,58.2,44.5,83.3,19.4,51.9,84.1,24.8,46,47.2,9.5,85.2,39.3
47157001100,47157001100,TN,Tennessee,Memphis,66.9,28.9,11.8,11.1,4.5,65,3.7,53.3,20.9,26.6,7.5,12.1,31.7,40.3,14.8,28.3,42,39.5,80.1,19.5,43.4,81.4,20.3,38.5,42.5,4.8,76.1,31.8
47157001200,47157001200,TN,Tennessee,Memphis,65.7,30.3,12.1,11.6,5.3,70.1,3.7,55.4,22.2,27.7,8,11.7,30.5,44,13.8,25.4,37.6,38.6,78.8,19.1,39.4,80.3,20,36.7,39.8,4.7,76.6,28.9
47157001300,47157001300,TN,Tennessee,Memphis,70.9,32.1,9.3,12.8,4.3,66,4.6,49.8,16.2,22.8,8.3,13.8,35.5,32.4,19.4,30.6,48,40,82.4,21.8,49.8,82.7,23.4,44.7,47.1,6.6,78.7,38.7
47157001400,47157001400,TN,Tennessee,Memphis,72.5,33.7,9,13.1,4.6,68.8,5,51.3,15.1,21.1,9.1,13.9,34,32.8,21.3,30.7,48.7,39.9,83.3,21.1,50.1,82.9,23.9,45.4,47,7.4,80.4,41.6
47157001500,47157001500,TN,Tennessee,Memphis,75.8,35.8,9.1,11.7,5.8,74.6,4.7,59.8,19.1,26.2,9,13.1,27.8,44.3,20.5,21.4,53.1,42.9,83.7,17.5,46.7,84.1,20.7,38.1,44.3,6.6,83.9,28.6
47157001600,47157001600,TN,Tennessee,Memphis,66.9,20.3,17.9,5.3,5,71.1,2,71.4,31.9,38.4,4.5,9.6,15.1,72.9,6.7,9.3,25.1,30.3,81.7,12.6,24.5,80.9,9.5,17.3,30.9,2,75.1,10.2
47157001700,47157001700,TN,Tennessee,Memphis,72.7,26.7,13.8,6.6,5.5,78.9,2.8,69.2,26.1,35.4,5.4,10.6,19.6,63.9,11.7,13.3,38.8,35.1,83.8,12.7,35.2,84.4,12.7,24.1,37.8,3.3,80.1,14.5
47157001900,47157001900,TN,Tennessee,Memphis,77.2,37.5,8.2,13.1,5.6,72,5.4,55.2,16.1,22.6,9.9,14.1,31.6,36.4,23.8,25.8,57.4,43.7,83.9,19.2,51.2,83.7,23.5,44.1,47.7,8.2,84.2,37.4
47157002000,47157002000,TN,Tennessee,Memphis,74.6,33.4,8.5,12.4,4.6,69.3,4.9,52.9,15.4,22.5,8.7,14.4,32.4,35.5,21.1,26.3,50.9,39.8,83.9,20.6,50.1,83.8,22.6,42.8,47.3,7.3,81.3,38.3
47157002100,47157002100,TN,Tennessee,Memphis,74.2,33.2,8.5,12.3,4.8,69.6,5,57.1,15.7,22.2,8.6,14.5,31.1,36.9,20.3,25.8,49.1,39,83.9,20.4,49.3,84.7,22.1,41.2,46.4,7.2,80.5,35.5
47157002400,47157002400,TN,Tennessee,Memphis,71.5,31.4,10,11.4,4.5,69.6,4.6,54.1,17,24.1,8.5,12.6,30.3,37.3,20.2,29,47,39.5,83.6,18.8,48,83,21.4,41.2,45.2,6.6,80.5,36.1
47157002500,47157002500,TN,Tennessee,Memphis,70.4,29.5,11.5,9.3,5,75,3.6,60.1,22.2,29.7,7,11.3,25.2,50.9,14.9,18.4,41.6,38.1,82.7,16.1,40.4,83.1,17.1,31.7,40.6,4.5,79.8,22.1
47157002600,47157002600,TN,Tennessee,Memphis,67.4,24,16.6,5.6,5.7,80.9,2.2,72.2,32.7,41.3,4.7,9,16.1,72.8,7.7,8.6,29.8,34.3,82.3,11.2,28.3,84.5,10.3,17.5,31.6,2.2,76.7,8.2
47157002700,47157002700,TN,Tennessee,Memphis,67.5,26,12.1,8.8,4.3,69.1,3.2,57.8,23,28.9,6.1,11.2,26.6,48.9,12.6,21.3,38.5,37.2,81.6,16.9,38.9,82.1,16.7,32.1,40.7,3.8,75.7,22.9
47157002800,47157002800,TN,Tennessee,Memphis,75,33.9,8.9,11.8,5.5,70.2,4.8,57.8,18,24.4,9,13.6,28.7,40.9,19.6,24.4,50.4,41.3,83,18.6,46.3,83.4,20.9,39.7,44.5,6.8,81.8,32.4
47157002900,47157002900,TN,Tennessee,Memphis,67.5,24.4,16.4,5.5,6.3,81.4,2.3,72.8,34.3,40.9,5,8.7,15.3,73.1,7.4,8.5,29,33.3,81.7,10.8,27.2,85.3,9.9,17.4,30.7,2.3,77,8.6
47157003000,47157003000,TN,Tennessee,Memphis,75.1,36.8,9.6,11,8,79.5,4.7,63,24.1,27.9,10.2,11.3,21.6,53.1,16.9,17.5,46.7,40.9,82.5,14.6,37.7,83.6,18.3,33.6,37.8,6.2,84.4,23
47157003100,47157003100,TN,Tennessee,Memphis,66.9,20.2,17.9,4.8,4.9,75.9,1.9,72.3,33.4,41.2,4,9.1,15.2,72.9,6.6,9.2,26.3,30.4,82.3,11.2,26.6,83.9,9.1,16.5,31.6,1.9,73.8,8.6
47157003200,47157003200,TN,Tennessee,Memphis,69.4,28.3,13.8,7.6,6.4,77.3,3.3,68.4,26.7,32.2,7,9.9,18.7,62.9,11.4,12.3,36,36.2,82.1,13.1,32,83.6,13.3,24,34,3.9,80.3,15.3
47157003300,47157003300,TN,Tennessee,Memphis,67.5,23.3,17.4,5,5.9,83.2,2.1,74.4,35.2,43.9,4.4,8.7,14.5,76.1,7,7.5,27.8,33,82.8,10.5,27.2,85.6,9.4,15.5,30.6,2,76.1,6.7
47157003400,47157003400,TN,Tennessee,Memphis,65.9,24.4,14.8,7.7,4.5,74.2,2.7,61.8,26.6,33.2,5.6,10.6,23.4,57.9,10,15,32.3,33.8,82.1,15.4,34.7,83.1,14.2,24.9,36.8,3.1,74.6,16.9
47157003500,47157003500,TN,Tennessee,Memphis,69.1,24.2,15.9,5.8,5.6,81.6,2.2,71,33.1,41.8,4.9,9.3,17,71,8.5,9.8,31.5,34.1,82.7,11.4,30,84.4,10.8,18.9,33.2,2.4,77.4,9.8
47157003600,47157003600,TN,Tennessee,Memphis,68.7,31,11.2,10.8,5,74.4,4,55.5,20.1,26.9,8.5,11.2,28.9,44.4,17.5,23.1,44,40.3,80,17.3,42,80.5,19.8,36.2,42,5.4,80.3,27.5
47157003700,47157003700,TN,Tennessee,Memphis,73.6,37.3,8.9,13.7,6.4,72.3,5.9,59,16.6,22.1,11.9,12.9,28,39.1,23.3,23.4,50.4,42.9,83.5,18.4,45,80.6,22.4,40.9,42.3,8.8,84.4,35.3
47157003800,47157003800,TN,Tennessee,Memphis,70.5,27.6,11.1,8.8,4.2,73.8,3.6,57.1,19.4,28.3,6.9,11.2,26.2,47.2,16.1,18.4,40.7,36,84.1,16.5,41.8,81.7,17,32.2,43.1,4.7,79.1,24.2
47157003900,47157003900,TN,Tennessee,Memphis,73.7,35,9,12.5,4.8,73,4.9,53.1,16.3,23.5,9.2,13.1,31.9,38.2,22.1,23.8,53.4,42.2,84.6,19.2,50.4,84.1,22.8,41.1,46.6,7.2,83,34.1
47157004200,47157004200,TN,Tennessee,Memphis,66.9,17.4,19.5,3.6,4.2,79.6,1.7,73.8,33.7,42.6,3.2,8.3,13.5,75.1,6.3,8.2,26.5,28.5,84.9,9.5,28.1,86.6,7.6,14,32.6,1.6,72.5,6.1
47157004300,47157004300,TN,Tennessee,Memphis,68,19.4,17.6,3.9,4.7,82,1.8,75,34.3,43,3.5,8.6,12.7,76.1,6.7,7.5,27,29.8,84.7,9.5,27.6,87,7.9,14.2,31.8,1.7,74.8,5.9
47157004500,47157004500,TN,Tennessee,Memphis,74.5,27.3,9.5,9.1,3.7,65.7,3.8,55.4,16.7,24.3,5.3,14.3,29.5,41.2,15.4,23.2,45.1,34.4,84.5,19.7,48.6,85.9,18.6,36.7,47.7,4.9,76.1,31.6
47157004600,47157004600,TN,Tennessee,Memphis,75.4,36,8.6,12.9,5.6,72.6,5.2,57.9,16.5,23.7,9.7,13.8,30.6,38.5,21.8,24.9,51.7,41.7,83,19.2,48.4,83.2,22.3,41.8,45.5,7.5,82.9,34.4
47157005000,47157005000,TN,Tennessee,Memphis,76.8,39.3,7.5,15.1,5.7,70.5,6.1,53.2,14.5,20.2,11.8,14.2,34,31.3,26.5,28.9,58.6,45.4,83.6,20.4,52.9,84,25.8,48.1,48,9.7,84.5,42.4
47157005300,47157005300,TN,Tennessee,Memphis,78.1,37,8.2,12,5.9,74,5.3,57.5,16.6,23.2,10.1,13.5,28.3,40.4,23,23.6,56.6,42.8,84.6,17.6,48.7,84.2,21.7,41.5,46.2,8,84.6,34.2
47157005500,47157005500,TN,Tennessee,Memphis,77.1,34.6,8.9,11.5,5.3,69.7,4.9,58.4,16.7,24.8,8.8,13.9,28.9,40.8,21.2,24,55.4,43,83.6,18.3,48.8,83.9,21,39.9,46.7,7,82.9,32.3
47157005600,47157005600,TN,Tennessee,Memphis,79.4,37.9,8.3,11.6,6.5,78.2,5.2,62.5,17.8,26.7,9.8,13.1,25.9,44.7,23.1,21.8,55.9,42.5,83.8,16.1,47.6,84.2,20.4,39.2,44.9,7.5,85.8,29.2
47157005700,47157005700,TN,Tennessee,Memphis,77.2,34.3,9.4,10.7,5.4,75.7,4.6,59.4,17.9,25.7,8.6,12.8,28.2,42.8,20.9,22.5,52.8,40.3,84.2,16.8,48.1,84.1,19.9,39,46.3,6.6,83.6,30.6
47157005800,47157005800,TN,Tennessee,Memphis,76.6,37.2,8.2,13.5,5.4,70.9,5.6,53.1,15.3,21.3,10.5,14.1,32.7,33.9,24.2,27.3,56.4,43,84.3,19.9,51.8,83.7,24.1,45.3,48.2,8.6,83.4,40
47157005900,47157005900,TN,Tennessee,Memphis,77.1,38.3,7.7,13.7,5.5,72.6,5.9,53.4,14.9,20.4,10.8,13.6,31.8,33.8,25.3,25.8,56.5,43.1,84.6,19.6,52.8,84.2,24.4,45.6,48,9,84.2,40
47157006000,47157006000,TN,Tennessee,Memphis,77.9,37.8,8.1,12.7,6,73.1,5.6,57.4,16.3,22.7,10.3,13.7,29,38.6,23.8,24.2,57,43.5,84.1,18.2,49.7,83.9,22.6,42.6,46.6,8.4,84.5,35.5
47157006200,47157006200,TN,Tennessee,Memphis,77.2,35.7,9,11.6,5.7,75.3,4.9,57.8,17.6,25.2,9.3,13.3,28.5,41.7,21.8,23.3,53.5,41.2,83.8,17.5,48.1,83.9,21,40,46,7.2,83.8,32.5
47157006300,47157006300,TN,Tennessee,Memphis,67.5,23.4,16.1,6.1,4.8,77.1,2.4,68.1,27.9,36.1,4.7,9.7,20.6,64.2,9,12.1,31.6,32.2,83.5,13.1,33.1,84.5,11.7,22,35.9,2.7,75.5,13.7
47157006400,47157006400,TN,Tennessee,Memphis,79,36.2,9,10.3,6.4,79.6,4.8,64.3,19.3,27.6,9,12.5,23.9,48.6,21.1,19.2,54.1,41,84.1,15.1,46,84.6,18.8,36.1,44.2,6.7,85.4,26.1
47157006500,47157006500,TN,Tennessee,Memphis,77.8,34.7,8.7,10.8,5.6,74.6,4.9,60,17.6,24.3,8.7,13.3,26.6,43.3,20.9,21.9,53,40.2,84.9,17.1,47.9,84.8,20,38.6,45.7,7,83.5,30.5
47157006600,47157006600,TN,Tennessee,Memphis,67.9,23.6,14.9,6.6,4.6,74.3,2.6,65.7,27,34,4.7,10.5,21.6,60.7,9.7,13.6,33.1,32.4,83.4,14.2,34.9,84.6,12.6,23.7,37.2,2.9,75.4,15.7
47157006700,47157006700,TN,Tennessee,Memphis,76.4,36.9,8,13.4,5.3,70.9,5.6,52.8,15.2,20.8,10.1,14,32.5,33.7,23.9,26.8,55.6,42.4,84.5,20.1,52.3,84.3,24.1,45.1,48,8.5,83.1,40.1
47157006800,47157006800,TN,Tennessee,Memphis,78,38.9,7.6,13.5,5.9,72.7,5.8,55.8,15.8,22.1,10.9,13.7,30,36.6,25.2,24.8,58.9,45,84.2,18.7,51.3,84,23.7,44.3,46.9,8.9,85.3,37.1
47157006900,47157006900,TN,Tennessee,Memphis,78.2,37.7,8.3,12.2,5.9,75.6,5.3,60,17,24.8,9.7,13.3,28.1,41,23.6,22.6,56.6,43.2,84.4,17.4,50.1,84.4,21.8,40.9,46.2,7.7,84.9,31.5
47157007000,47157007000,TN,Tennessee,Memphis,71.1,27.8,11.4,9.8,4.1,68.6,3.7,57.1,18.6,26,6.6,12.8,30.2,42.3,15.3,22.8,42,35.6,83.8,18.9,45.1,83.4,18.4,35.7,44.7,4.9,76.8,29.5
47157007100,47157007100,TN,Tennessee,Memphis,71.9,27.3,14.1,6.2,6.3,82.1,2.6,72.5,31.2,39.5,5.6,9.4,16.6,70.1,10.3,9.9,37.4,37.2,82.8,11.1,32,85.1,11.4,20.6,33.8,2.9,80.8,10.3
47157007200,47157007200,TN,Tennessee,Memphis,67.4,21.9,17.6,4.3,6.1,81.4,2,75.8,36.3,42.6,4.3,8.3,12.1,77.7,6.3,6.9,27,31.7,83.1,9.5,24.8,86.1,8.2,14.2,28.9,1.9,76.3,6.1
47157007300,47157007300,TN,Tennessee,Memphis,69.1,21.8,13.2,7.5,4.7,61.1,2.9,65.9,25.3,29,6.1,11.8,19.1,56.5,9.2,15.6,29.3,31.7,81.2,16.7,29.7,78.1,12.8,25.7,35.6,3.4,72.8,20.7
47157007400,47157007400,TN,Tennessee,Memphis,62.1,16.8,18.3,5.4,3.3,65.2,1.9,63.9,28.8,33.7,3.5,9.7,20,62.1,5.9,13,22.5,27,81.5,14.7,28.2,81.4,10.3,19.8,34.2,1.8,64.9,14.1
47157007500,47157007500,TN,Tennessee,Memphis,78.9,39.6,7.7,13.1,6.4,76.1,5.8,59.4,16.6,23.6,10.9,13.5,28.4,38.9,25.2,24.4,57.9,44.1,83.2,17.5,50,84,22.8,43.6,46,8.7,86,34.7
47157007810,47157007810,TN,Tennessee,Memphis,76.6,34.6,8.9,11.2,5.7,73.7,5,59,17.3,23.7,9.4,13.2,27.1,41.4,21.3,24.6,51.8,40.3,84.6,17.3,47.3,83.9,20.4,39.7,45.2,7.3,83.3,32.8
47157007821,47157007821,TN,Tennessee,Memphis,78,38.6,7.4,13.5,6.2,71.5,6,56.4,15.9,22.4,11,14,29,36.4,24.6,25.6,57,44.1,83.7,18.8,49.8,83.8,23.4,44.6,46,9.1,84.7,38.5
47157007822,47157007822,TN,Tennessee,Memphis,75.4,36.1,8.6,12.1,5.9,73.3,5.3,58,17.3,24,10,12.7,28,39.1,22.4,27,52.7,42.2,83.5,17.6,48.4,84.1,21.8,42.2,44.7,7.7,83.7,34.7
47157007900,47157007900,TN,Tennessee,Memphis,77,35.1,8.8,11.6,5.4,73.3,4.8,59.3,17.4,24.8,8.7,13.6,29.1,41.3,21.3,23.2,53.1,41.4,84.5,18.1,48.7,84,20.9,39.9,46.3,6.9,83.2,31.3
47157008000,47157008000,TN,Tennessee,Memphis,72.2,31.1,11,10.1,5.3,72.7,3.9,59.3,22.1,28.5,7.5,12.1,26.9,47.4,15.8,20.1,45,38.9,82.9,17.2,43.1,83.9,18.4,34.3,42.4,5.1,80.2,25.7
47157008110,47157008110,TN,Tennessee,Memphis,71.9,29.7,10,10.5,4.1,66.9,4.2,55.4,16.4,24.5,7.3,13.2,30.4,38.2,18.3,28.5,46.7,38.8,84.3,19.3,48,83.5,20.4,40.2,45.9,5.7,79,33.3
47157008120,47157008120,TN,Tennessee,Memphis,77.5,37.1,8.5,12.4,5.8,75,5,60.7,17.2,25.7,9.4,14,29.1,41.6,22.5,23.6,55.5,43.2,84,18,48.6,83.4,21.7,40.6,45.9,7.3,84.6,31.4
47157008200,47157008200,TN,Tennessee,Memphis,69.3,28.1,10.4,10.8,3.7,62,4,51.4,16.9,22.6,6.7,13.5,33,34.9,16.6,31.8,44.4,38,83.2,21,47.6,82.4,21.2,41.9,46.2,5.4,75.9,36.9
47157008500,47157008500,TN,Tennessee,Memphis,74.4,31.6,12.9,5.7,9.7,89.8,2.8,77.2,37.9,44.3,6.8,8,10.1,80.7,8.9,5.7,36.3,39.4,81.9,8.1,24.4,85.7,9.8,16.2,26.9,2.7,84.3,5.9
47157008600,47157008600,TN,Tennessee,Memphis,69.2,26.2,15.3,6,6.6,82.5,2.5,71.3,33.6,40.8,5.6,8.8,15.6,72.2,8.5,10.2,32,35.6,81.6,10.8,28.6,84.6,10.9,19.1,31.4,2.5,78.6,9.5
47157008700,47157008700,TN,Tennessee,Memphis,66,29.6,13.5,9.9,6.1,73.8,3.3,60.7,26,31.7,7.7,10.4,25.2,53.8,11.7,20.8,35.6,38.4,78.6,15.9,34.2,80.9,16.9,30.8,36,4,77.7,22.5
47157008800,47157008800,TN,Tennessee,Memphis,62.4,31,10.9,14.2,4.9,61.5,4.5,47.3,19.1,23.1,9.5,12.2,34.7,32.9,15.8,36.4,39.3,41.7,76.8,22.4,43.3,79.4,24.4,44.8,40.7,5.8,74.7,41.3
47157008900,47157008900,TN,Tennessee,Memphis,64.2,30.4,10.7,13.3,4.5,62.5,4.5,46.7,18.8,23.3,9.2,12.1,34.2,32.3,17,36.3,41.6,41,79,21.7,45.6,80.8,24,44.7,42.6,5.9,75.4,40.4
47157009100,47157009100,TN,Tennessee,Memphis,62.6,30.4,12,13,5.3,63.5,4.1,50.4,20.2,25.4,9.1,11.7,32,37.5,14.4,34.5,37.4,41.1,77.1,20.6,39.4,78.3,22.3,41.7,39.1,5.2,75.4,36.4
47157009200,47157009200,TN,Tennessee,Memphis,69.6,25.3,16,5.3,7,83.4,2.3,74.5,36.4,44,5.2,8.5,13.6,76.4,7.5,7.9,30.9,34.9,81.2,9.8,25.5,84.7,9.5,16.6,30.1,2.3,79,7.6
47157009300,47157009300,TN,Tennessee,Memphis,69.4,27.5,15.8,6.6,7.3,78.3,2.7,71.6,32.6,38.8,6.3,9,16.8,69.8,8.8,11.8,34.9,36.8,80.7,11.5,28.4,83.8,11.6,21,32.2,2.9,79.5,11.2
47157009400,47157009400,TN,Tennessee,Memphis,69.2,28.2,15.4,6.8,7.4,81.3,2.7,71.3,33.1,39.8,6.3,9,17,70.1,8.9,10.4,33.4,36.2,80.3,11.5,28.5,84.3,11.7,20.6,31.5,2.9,79.7,11
47157009500,47157009500,TN,Tennessee,Memphis,69.8,27.1,16.1,6,7.5,83.3,2.5,73.5,35.9,42.5,5.9,8.7,15.1,74.4,8.1,9,31.9,35.3,80.6,10.4,26.4,84.4,10.5,18.4,30.3,2.6,79.9,9
47157009600,47157009600,TN,Tennessee,Memphis,73.3,31.5,13.3,6.3,9.2,88.4,2.8,75.1,36.2,43.3,7.2,8.3,12.2,77.6,9.4,6.9,36,39.3,81.4,9.1,25.4,84.7,10.7,18,28,2.9,83.8,7.6
47157009700,47157009700,TN,Tennessee,Memphis,69.4,27.3,12.5,9,4.9,71.2,3.2,59.5,24.4,30.8,6.3,11.6,26.7,49.3,12.6,22.8,38.7,36,80.8,16.8,39.6,82.5,16.7,32.9,41,4,76.8,24.5
47157009800,47157009800,TN,Tennessee,Memphis,66,30.8,13,11,6.3,71.3,3.6,58.7,25.1,30.7,8.5,10.8,27.1,49.8,12.6,22.9,38.2,40.2,77,17,35.5,80.2,18.3,33.5,36.9,4.5,78.1,25.7
47157009901,47157009901,TN,Tennessee,Memphis,67.7,31.4,10.6,13.2,4.7,64.3,4.2,50,20.1,25.4,8.6,13.4,34.6,36.2,16.3,28.8,43.7,40.5,79.7,21.8,45.2,81.1,22.8,41.6,43.6,5.8,76.8,36.5
47157009902,47157009902,TN,Tennessee,Memphis,73.2,31.9,9.9,11.4,4.9,68.8,4.2,55.8,20.2,26.2,7.8,13.4,30.9,40.8,17.4,23.8,48.1,40,83.6,19.3,46.6,83.3,20.5,38.6,45.1,5.7,79.6,30.1
47157010000,47157010000,TN,Tennessee,Memphis,74.9,31.2,9.7,10.5,4.6,70.2,4,57.2,18.8,26.8,7.1,13.5,30.1,41.7,17.7,23.1,48.5,38.7,84,18.7,47.6,84,19.7,38.3,46.4,5.6,80.2,30
47157010110,47157010110,TN,Tennessee,Memphis,72.8,33.1,8.4,13.9,4.3,65.2,4.8,48.4,16.8,21.7,8.5,15.4,37.4,30.3,19.7,29.8,48.4,39,83.1,23.9,51.5,82.5,24.8,46.4,48.6,7.1,78.4,42.6
47157010120,47157010120,TN,Tennessee,Memphis,73.7,31.4,9.1,11.6,4.5,68.6,4.3,53.4,18.6,24.2,7.6,14.2,32.1,37.7,17.8,25.3,46.6,38,83,20.6,48.1,83,21.3,40.9,46.5,6,79,34.1
47157010210,47157010210,TN,Tennessee,Memphis,74.5,30.2,9.9,10.2,4.4,69.3,3.9,57.6,19.5,27,6.7,13.8,30.2,41.9,16.9,23.2,47.6,37.9,83.8,19.1,47.3,84,19.4,37.6,46.5,5.3,79.3,28.9
47157010220,47157010220,TN,Tennessee,Memphis,75.8,33.8,9.2,10.9,5.4,74.2,4.4,59.2,19.9,26.6,8.2,13.1,27.8,44.2,18.9,21.1,49.4,39.7,84.2,17.6,46.5,84.3,19.8,37.6,44.7,6.1,82,28.4
47157010300,47157010300,TN,Tennessee,Memphis,75,33,8.9,11.9,4.5,70.7,4.6,55.4,16.3,23.9,7.9,14.4,32.3,36.8,20.3,26.1,49.4,38.7,84.3,20.2,50.2,84.2,22,41.9,47.7,6.7,80.6,35.8
47157010500,47157010500,TN,Tennessee,Memphis,72.9,33.3,9.7,11.9,5.5,68.5,4.6,56.5,18.3,23.3,9.3,13.3,30.2,38.6,19,29.3,49.2,41.5,81.5,18.9,45,82.1,21.4,42.1,44.4,6.7,81.1,36.3
47157010610,47157010610,TN,Tennessee,Memphis,69.4,25.7,11.3,9.2,3.5,66,3.5,53.4,18.8,26.7,5.7,12.8,31,38.7,14.7,29.8,40.2,34.5,82.8,19.5,46.1,83,18.9,38.9,45.7,4.4,74.6,31
47157010620,47157010620,TN,Tennessee,Memphis,70.5,23.9,10.8,9.1,2.9,60.2,3.3,53.1,16.8,24.2,4.9,14.1,32.9,36.4,13.6,28.8,41.2,33,84.5,21.2,47.2,83,18.6,38.8,47.5,4.3,72,34
47157010630,47157010630,TN,Tennessee,Memphis,68,25.4,10.6,10.3,3.1,59.7,3.7,49.7,16.3,22.5,5.7,14.2,34.6,32.6,15,34.8,40.3,34.3,82.5,22.4,47.8,82.3,20.9,42.5,47,4.9,72.3,39.9
47157010710,47157010710,TN,Tennessee,Memphis,73.2,28.1,11.3,8.2,5,75.2,3.3,61.6,24.8,31.9,6.4,11.6,24.1,52.1,14.2,20.6,42.3,36.5,82.5,15.3,40.4,83.3,15.9,31.9,42.3,4.1,79.7,21.3
47157010720,47157010720,TN,Tennessee,Memphis,73.3,29.7,9.9,10.2,4.6,69.8,3.9,56.3,21.6,27.9,7.2,12.9,29.2,41.9,16.3,23.7,45.9,37.4,83.2,18.5,46.2,83.9,19.1,37.4,45.4,5.3,78.5,28.8
47157010810,47157010810,TN,Tennessee,Memphis,72.6,26.7,10.7,8.8,3.9,69.7,3.4,56.3,21.6,28.1,5.6,12.9,28.7,43.5,14.7,23.4,42.1,34.5,83.5,18.3,45.5,83.8,17.7,35.6,46,4.4,76.6,27
47157010820,47157010820,TN,Tennessee,Memphis,75.4,29.2,11,8,5.1,77.4,3.4,65.3,24.8,32.5,6.2,11.8,23.2,53.6,15.1,18.2,44.5,36.4,83.7,14.7,42.3,84.7,15.6,30.8,42.9,4.3,80.9,19.3
47157011010,47157011010,TN,Tennessee,Memphis,71.4,30.6,10.5,10.8,4.8,71.3,3.8,56.1,21.9,28.9,7.1,13.3,30,43.8,15.6,24.3,43.2,37.7,81.8,19.1,44.3,82.8,19.8,37.3,43.8,5,78.6,28.9
47157011020,47157011020,TN,Tennessee,Memphis,74.1,26.8,11.6,8.1,4.2,71.5,3.3,60.6,21,30.6,5.6,12.4,26.4,48.9,14.5,20.5,44.7,35.7,84.9,16.4,44,84.2,16.1,32.2,45.2,4.2,78.2,23.2
47157011100,47157011100,TN,Tennessee,Memphis,77.3,38.9,7.8,14.1,5.8,72.6,5.9,53.7,15.2,21.3,11.1,13.9,31.9,34.1,25.5,27.4,57.4,43.9,83.5,19.4,51.6,83.5,24.7,46.2,47.5,9.2,84.5,40.6
47157011200,47157011200,TN,Tennessee,Memphis,76.8,39,7.5,15,5.5,70.9,6,52,14.5,20.8,11.3,14.9,33.7,32.3,26,28.3,57.6,44.6,83.6,21,52.5,83.1,25.9,47.2,48.1,9.4,84.4,42
47157011300,47157011300,TN,Tennessee,Memphis,72.5,30.4,10.1,10.4,4.3,71.4,4.2,54.5,17.3,23.2,7.9,12.3,29.8,40.8,18.9,22.2,48.1,38.7,85.3,18,47.4,83.8,19.8,37.4,45.4,6,80.4,31.3
47157011400,47157011400,TN,Tennessee,Memphis,67.8,24.7,12,10.7,2.9,58.2,3.8,47.6,14.2,19.9,6.5,12.7,38,30,16,31.1,43.9,34.9,84.5,21.6,49.6,83,20.8,41.1,48.4,5.5,71.3,41.6
47157011500,47157011500,TN,Tennessee,Memphis,77.1,38.1,7.6,13.8,5.4,71.8,5.8,53.7,14.7,21.1,10.4,13.9,32.4,33.3,25.1,26.6,56.2,43.1,84.3,19.9,52.9,83.9,24.5,46.3,48,8.9,84,40.4
47157011600,47157011600,TN,Tennessee,Memphis,75.7,35.5,8,13.7,4.9,67.2,5.5,52.4,14.4,20,10,14.7,33.7,31.8,23.2,28.4,53.4,41.9,84,21.5,51.8,83.5,24.3,46,48.4,8.5,81.6,42.5
47157011700,47157011700,TN,Tennessee,Memphis,78.8,38.8,7.7,12.7,6.4,74.3,5.7,60.2,17,23.4,10.8,13.6,27.1,40.7,24.3,23.1,57.8,44.5,84.4,17.5,48.9,84.6,22.2,41.7,45.3,8.5,85.6,33.2
47157011800,47157011800,TN,Tennessee,Memphis,67.4,26.8,13,9.2,4.8,70.2,3.2,58.8,23.9,30,6.5,11.6,26.9,49.1,12.1,24.1,36.6,35.8,80.7,17.1,38.6,82.2,17,32.5,39.9,3.9,75.3,24.5
47157020511,47157020511,TN,Tennessee,Memphis,77.4,31.9,10.6,8.2,6.2,80.9,3.5,67,25.9,34,7,11.6,20.7,58.9,15.5,15.1,47.4,38.8,84,13.5,40.5,85.3,15.3,28.8,40.8,4.5,83.4,17.1
47157020512,47157020512,TN,Tennessee,Memphis,74.4,30.3,10.2,10.1,5,70.4,3.9,59.7,20.4,27.7,7.2,13.3,28.2,44.4,16.2,22.9,45.9,37.9,82.7,18,44.4,83,18.4,36.3,44.4,5.2,79.4,28
47157020521,47157020521,TN,Tennessee,Memphis,73.4,27.9,10,9.8,3.7,68,3.7,55.5,18.8,24.7,5.7,13.9,31.4,39.7,15.6,23.5,43.5,34.5,84.6,20.2,48.3,84.6,19.1,37.9,47.4,4.9,76.4,29.6
47157020523,47157020523,TN,Tennessee,Memphis,72.4,29.3,9.8,11,4,66.9,4,53,18.4,24.6,6.5,14.4,33.4,36.9,16.2,26.5,43.7,35.5,83.4,21.3,48.5,83.7,20.7,40.4,47.3,5.4,76.2,33.7
47157020524,47157020524,TN,Tennessee,Memphis,74.3,29,10.7,9.2,4.3,72.9,3.6,59.9,20.5,28.8,6.2,13,28.7,45.3,15.9,21.8,44.7,35.7,83.8,17.8,46.3,84.4,17.9,35.2,46,4.7,78.8,25.6
47157020531,47157020531,TN,Tennessee,Memphis,61,18,15.6,5.9,3.1,62.5,2.4,60.6,25,32.7,4,9.4,22.2,50.4,8.5,31.5,28.1,31.4,79.2,15.6,36.8,83.2,13.7,30,37.9,2.2,65.9,20.2
47157020532,47157020532,TN,Tennessee,Memphis,76.2,30.3,11.1,8,6.2,78,3.4,66.3,26.1,33.3,7,11.3,21.2,57.3,14.2,16.6,45.2,37.7,83.1,13.7,39.3,84.8,15,29.3,40.7,4.3,81.7,17.9
47157020541,47157020541,TN,Tennessee,Memphis,74.4,29.6,11.5,8.6,5.6,77.2,3.3,64.1,25.9,33.2,6.6,11.7,24.1,54.2,13.9,18,42.9,36.6,82.6,15.1,40.7,84.2,15.9,30.8,41.7,4.2,80.2,19.8
47157020542,47157020542,TN,Tennessee,Memphis,72.2,24.5,11.5,7.9,3.8,68.6,3.1,58.8,22.6,29.1,4.9,12.8,27.2,46.4,12.3,21.3,38.2,31.9,83.8,18,43.8,84.5,15.9,32.6,44.8,3.7,74,23.9
47157020610,47157020610,TN,Tennessee,Memphis,71,23.4,13.4,6.7,4.3,74.7,2.6,65.1,27.4,34.7,4.6,11.3,23.4,56.4,10.1,16.9,34,30.9,82.4,15.1,38.1,84.6,13.2,26.7,41.1,2.9,74.1,17
47157020621,47157020621,TN,Tennessee,Memphis,72,24.9,12.5,7.3,4.4,72.8,2.9,63.6,26.1,34.2,5.2,11.6,23.6,53.8,11.7,18.1,37.9,33.2,83.3,15.5,40.2,84.7,14.2,28.4,41.9,3.4,76,18.5
47157020622,47157020622,TN,Tennessee,Memphis,69.3,21.6,16.2,5.8,4.7,73.9,2.3,68.2,28.9,37.2,4.8,10.1,19.8,63.4,8.7,15.8,31.2,31,81.8,13,32,83.1,11.2,22.7,37,2.6,74.1,14.3
47157020644,47157020644,TN,Tennessee,Memphis,76.5,31.2,11.9,7.3,7.7,83.3,3.1,73.9,30.5,39.5,6.8,10.1,17,67.2,12.1,13.5,41.6,37.9,81.6,11.3,33.7,84.9,12.8,24.6,36,3.6,82.8,11.9
47157020651,47157020651,TN,Tennessee,Memphis,73.7,31.2,11.3,9,6.1,78.9,3.5,65.5,26.7,34.9,7.3,11.3,23.1,56,14.1,16.7,43,38.4,81.1,14.7,39.5,83.9,16.1,29.9,39.9,4.3,81.3,18.4
47157021010,47157021010,TN,Tennessee,Memphis,68.2,19.8,17.3,4.8,4.4,77.7,1.9,71.8,32.8,41.1,3.5,9.6,17.9,69.6,7,11.3,28.4,29.4,82.5,12,31,85.2,9.7,18.4,35.9,1.9,72.4,9.4
47157021111,47157021111,TN,Tennessee,Memphis,66.6,23.6,14.4,7.5,4.2,72,2.7,61.6,26.7,34.1,5.1,10.9,25.5,53.7,10,19.8,32.1,32.4,81.2,16.1,37.1,83.4,14.5,28.3,39.5,3,72.7,19.5
47157021112,47157021112,TN,Tennessee,Memphis,65.4,24.3,15.6,7.6,4.7,71.2,2.5,63.4,26.5,35.5,5.3,10.2,25,57.1,9.6,19.3,33.1,35.4,79.8,15.4,34.7,81.7,14.2,27.4,37.5,2.8,74.1,17.4
47157021113,47157021113,TN,Tennessee,Memphis,67,21.9,15.9,6.2,4.2,74.9,2.2,65.6,28.9,38.1,4.1,10.3,22.5,61.6,8.5,15.6,30.2,31.3,81.3,14.3,34.2,83.3,12.3,23.8,38,2.3,72.7,14.1
47157021121,47157021121,TN,Tennessee,Memphis,70.8,24.4,14.7,6.5,5.7,75.4,2.6,68.9,30.6,36,5.5,10.1,19.9,62.6,9,14.8,33.2,32.4,80.5,13.2,32.6,83.7,12,23.8,37.2,2.9,75.6,14.2
47157021122,47157021122,TN,Tennessee,Memphis,67.1,23.3,14.5,7.1,4.4,73,2.6,63.5,27.6,35.3,5,10.4,23.5,56.4,9.6,17.8,30.8,32.2,80.5,15.2,35,82.3,13.5,26.7,38.2,2.8,73.1,17.3
47157021125,47157021125,TN,Tennessee,Memphis,69.1,25.5,14.7,6.3,6.1,78.4,2.7,69.2,29.7,35.4,5.5,9.5,17.5,66.8,9.1,11.7,32.1,33.6,81.4,12.1,29.8,83.7,11.5,21.7,33.9,2.9,77.7,12.5
47157021126,47157021126,TN,Tennessee,Memphis,67.1,19,18.1,4.5,4.5,77.5,1.8,72.7,34.1,43.9,3.5,8.9,16.6,72,6.3,10.7,25.8,29.2,81.9,11.1,27.1,83,8.8,17.3,34,1.7,72.2,8.4
47157021135,47157021135,TN,Tennessee,Memphis,68.5,22.8,15.9,5.7,5.1,77,2.2,69.8,31.4,39.9,4.4,9.8,18.7,67.5,8,12.2,30.6,32.4,81.7,12.6,30.8,83.9,11,20.7,35.6,2.3,74.8,10.6
47157021136,47157021136,TN,Tennessee,Memphis,71.6,26.8,14.8,5.9,6.4,85.1,2.4,73.7,33.6,44,5.2,9.2,15.6,74.1,9.2,8.7,34.3,36.6,82.3,10.7,29.9,84.5,10.8,18.5,33.1,2.4,80,7.7
47157021137,47157021137,TN,Tennessee,Memphis,69.1,23.6,15.7,5.6,5.5,80.7,2.2,70.9,32.9,41.5,4.6,9.3,17.2,70.3,8.2,10.6,30.7,33.1,81.6,11.6,30.1,84.1,10.6,19.6,34.5,2.2,76.3,9.6
47157021138,47157021138,TN,Tennessee,Memphis,69.7,23.3,15.5,5.3,5.5,81.6,2.2,72.9,33,43.4,4.5,9.2,15.9,72.1,8.1,9.7,30.4,33.1,82.2,11,29,84.3,10,18.3,33.8,2.2,77,8.4
47157021139,47157021139,TN,Tennessee,Memphis,88,55,3.2,10.3,20,94.4,5.6,80.9,35.1,38.8,14.2,7.8,5.2,77.3,14.6,7.3,58.1,49,77.7,6.1,18.8,84.6,15,28.2,22,6.6,93.2,9.3
47157021140,47157021140,TN,Tennessee,Memphis,68.9,24.5,15.9,6.3,5.6,79.8,2.3,70.1,32.3,40.4,5.2,9.5,18.6,68.2,8.5,11.5,30.3,33.2,80.8,12.4,30.7,83.3,11.4,20.7,34.6,2.4,76.3,10.9
47157021141,47157021141,TN,Tennessee,Memphis,70.4,23.6,15.3,5.5,5.3,81.5,2.2,70.4,32.4,41.3,4.5,9.4,17.3,70,8.8,10.8,32.2,33.2,82.6,11.5,31.3,84.3,10.7,19.9,35.7,2.3,77.2,9.5
47157021142,47157021142,TN,Tennessee,Memphis,71.2,26.3,15.6,6,6.6,83,2.4,74.9,35,44.7,5.5,9.3,16.2,73,8.8,9.8,32.5,35.1,81,11,29.3,83.5,10.7,18.8,32.9,2.4,79.4,8.6
47157021200,47157021200,TN,Tennessee,Memphis,63.9,15.6,18.6,5.9,2.1,61.3,2,51.7,21.3,36.8,3.4,10.4,33.9,42.5,8.4,28.7,32.5,26.8,79.8,16.8,41.5,81.6,13.4,30,45.8,2.3,61.2,25
47157021311,47157021311,TN,Tennessee,Memphis,75.8,32.7,12.1,6.2,9.9,88.8,2.9,77.6,37.4,45.3,7.3,8.2,10.8,79.1,9.9,6.7,39.7,41.5,81.1,8.2,24.8,84.4,10.3,17.6,27.6,2.9,85.4,6.6
47157021312,47157021312,TN,Tennessee,Memphis,68.4,21.9,16.8,4.8,5.7,80.4,2,74.5,35.2,43.7,4.4,8.6,14.3,74.6,7.1,9,28.3,32.2,82.1,10.2,25.7,83.5,9,16.5,31.6,2,76.4,7.6
47157021320,47157021320,TN,Tennessee,Memphis,73,29,13.6,6.3,7.7,85.2,2.7,74.2,35,41.5,6.3,9.2,14.2,73.7,9.5,9,34.5,36.4,81.5,10.3,28.4,84.9,11,19.2,31.3,2.9,81.5,9
47157021331,47157021331,TN,Tennessee,Memphis,73.8,31.7,12.2,7.3,8,84,3.1,71.5,32.6,39.4,7.3,9.4,15.2,70.1,11.3,9.9,39.3,39.3,81.7,10.9,30.6,84.8,12.6,22.1,32.2,3.5,83.2,10.8
47157021333,47157021333,TN,Tennessee,Memphis,72.4,27.4,13.3,6.6,6.2,80.4,2.8,70.3,31.5,39.3,5.8,9.8,17.5,66.5,10.6,12.1,37,36.3,82.3,11.9,33.4,84.7,12.2,22.6,35.6,3,79.6,11.6
47157021334,47157021334,TN,Tennessee,Memphis,72.7,27.1,12.2,7.4,5.6,75.8,3.1,66.1,27.1,32.2,6.1,10.8,20.8,57.7,11.5,16.6,38.2,34.5,82.2,14,37.1,84.8,13.9,27.4,39,3.7,78.1,17.4
47157021342,47157021342,TN,Tennessee,Memphis,73.7,21.3,14.4,4.3,4.8,82.1,2.2,72.9,31.6,41.3,3.9,9.5,14.2,71.8,9.1,10.1,33.8,30.8,85.2,10.1,32.1,86.5,9.1,18.1,36.8,2.2,78,8.6
47157021510,47157021510,TN,Tennessee,Memphis,,,,,,,,,,,,,,,,,,,,,,,,,,,,
47157021710,47157021710,TN,Tennessee,Memphis,71.2,20.9,12.6,6.6,3.1,65.8,2.6,60.3,22.3,30.2,4,12.3,26.3,47.9,10.6,22,36.3,29.9,84.2,17.1,42.4,84.3,14.1,30.5,44.6,3.1,70.9,22.1
47157021721,47157021721,TN,Tennessee,Memphis,72,26.5,10.5,9.1,4,66.1,3.6,56.4,20.2,25.8,6.1,12.9,28.7,41.6,14.4,25,42.8,35.2,84.1,18.6,45.3,84.3,17.9,36.5,45.2,4.6,75.7,29.3
47157021724,47157021724,TN,Tennessee,Memphis,73,24,12.6,6.6,4,73.7,2.8,64.3,24,32.3,4.6,11.8,23.9,53.9,12,19.9,38.8,32.4,84.4,15.2,41,84.8,14,29.2,43.5,3.3,76.4,19
47157021725,47157021725,TN,Tennessee,Memphis,70.4,18.4,13.5,5.6,2.7,65.9,2.4,60.3,22.1,30.6,3.1,12.1,25.1,50,9.2,21.4,33.1,27.1,84.8,16.6,41.4,85,12.9,28.2,44.4,2.5,67.8,20
47157021726,47157021726,TN,Tennessee,Memphis,75.3,33.2,9.2,10.6,7.5,71.4,4.7,58.7,23.4,25.7,10.3,11.8,22.5,46.3,15,24.1,45.3,38.2,83.2,16.1,39,84.7,18.4,36.8,40.4,6.3,80.2,27.8
47157021731,47157021731,TN,Tennessee,Memphis,70,24.8,11.7,8.3,3.5,66,3.3,57.3,18.5,27.1,5.4,12.6,28.5,42.8,14,27.6,40.8,34.5,83.6,18.2,44.7,83.8,17.3,35.8,44.7,4.1,75.1,28.8
47157021732,47157021732,TN,Tennessee,Memphis,71.7,22.3,12.4,6.8,3.2,68.8,2.8,60,22.1,30.6,4.1,12.2,26.2,48.3,11.7,21.9,38,30.9,84.6,16.8,43.8,85,14.7,31,45,3.2,73.2,21.6
47157021741,47157021741,TN,Tennessee,Memphis,71.7,25.3,11.3,7.9,3.5,71.1,3.2,57.4,20.5,28.1,4.9,12.2,27.7,45.1,13.8,22.9,40.5,32.9,84.6,17.5,46.6,85.7,16.8,34,45.7,3.9,75.6,24.1
47157021744,47157021744,TN,Tennessee,Memphis,74.1,25,13.3,6.4,4.5,79,2.6,67.7,26.1,35.6,4.8,11.3,21.8,60.3,11.8,16.9,39.1,33.2,83.6,13.5,38.9,84.7,13.1,26.2,41.8,3.1,78.4,15.1
47157021746,47157021746,TN,Tennessee,Memphis,74,24.4,12.3,6.6,4,74.4,2.8,65,23.6,32.4,4.4,12,23.8,54.7,12.1,18.1,39.8,32.4,84.4,15.2,42.1,85,13.9,28.6,43.9,3.3,76.7,18.3
47157021747,47157021747,TN,Tennessee,Memphis,72.7,23.8,12.7,6.6,3.7,76,2.8,63.7,22.6,32.3,4.5,11.5,24.6,53.3,12.3,19.5,38.1,31.4,84.5,15.2,42.9,85.4,14.2,29.1,44.2,3.2,76,18.3
47157021751,47157021751,TN,Tennessee,Memphis,,,,,,,,,,,,,,,,,,,,,,,,,,,,
47157021754,47157021754,TN,Tennessee,Memphis,73.2,23,12.7,6.1,3.7,74.9,2.6,64.9,24.2,33.8,4.2,11.3,22.8,55.7,11.5,17.9,38.3,31.5,84.7,14.4,41.8,86.1,13.2,27.5,43.3,3,75.8,16.5
47157021900,47157021900,TN,Tennessee,Memphis,75.8,29.3,10.5,8.7,4.3,74.4,3.6,60.8,18.9,28.2,6,12.9,27.6,46.9,16.7,20.6,46.9,36.2,85.3,16.9,46.9,84.8,17.4,34.5,46.4,4.8,80.3,24.7
47157022022,47157022022,TN,Tennessee,Memphis,74.2,30.5,9,11,3.9,67.7,4.3,53.5,16.7,23,7.3,13.9,32.7,35.8,19,25.8,48.5,37.6,85.4,20.5,51,84.5,21.1,41.2,48.4,6.2,78.9,35
47157022023,47157022023,TN,Tennessee,Memphis,75.7,25.9,11.5,7.4,4,74,3.1,63.1,20.7,30.1,5.3,12.6,24.8,51.5,14.4,18.5,43.2,33.6,85.7,15.8,44,84.9,15.1,30.2,45.2,4,78.3,21
47157022024,47157022024,TN,Tennessee,Memphis,78.1,32,9.9,8.6,5.4,79.7,3.8,64.2,21.5,30.5,7,12.2,23.1,52.9,17.8,16.8,48.9,38,85.7,14.8,45.1,85.3,16.7,31.9,44.1,5,83.2,20.2
47157022111,47157022111,TN,Tennessee,Memphis,77.2,32,9.5,9.6,5.5,73,4.2,62.8,19.2,25.7,7.7,13.2,25.2,47.2,17.8,21,49.3,38.7,84.6,16.6,44.2,83.9,17.9,35.7,44.4,5.9,82.1,27.2
47157022112,47157022112,TN,Tennessee,Memphis,74.9,27.9,10.4,8.9,4,70.2,3.6,58.8,18.9,26.7,5.9,13.3,28.7,44,15.8,22.2,45.7,35.4,85.2,18,46.8,84.4,17.6,35.5,46.7,4.8,78.3,27.3
47157022121,47157022121,TN,Tennessee,Memphis,78.8,30,11,7,5.6,81.5,3.3,70.1,23.7,34.4,6.1,11.4,19.5,61.1,15.6,13.9,48.1,37.6,85.9,12.6,41.1,85.8,13.9,27.1,42,4.1,83.8,15.3
47157022122,47157022122,TN,Tennessee,Memphis,76.3,27.3,11,7.5,4.4,74.7,3.3,64.9,21.7,31.2,5.6,12.3,24,51.8,15,17.8,44.4,34.8,85.8,15.4,44.4,85.5,15.1,30.7,44.7,4.2,79.6,20.1
47157022130,47157022130,TN,Tennessee,Memphis,76.2,28.4,10.9,8,4.5,75.8,3.3,63.4,20.9,30.5,5.8,12.5,25.1,51,15.5,18.9,45.2,35.5,85.3,15.7,44.5,85,15.9,32,44.9,4.3,80.3,21.5
47157022210,47157022210,TN,Tennessee,Memphis,78.2,36.3,8.7,11.4,5.7,76.2,4.8,62.2,17.5,26.4,9,13.4,27.8,43.3,22.2,22.3,54.5,42,84.2,17,48.7,84,20.5,39.3,45.9,6.9,84.5,29.3
47157022220,47157022220,TN,Tennessee,Memphis,78.6,36,8.8,10.7,6.2,77.6,4.8,62,18.5,26.1,9.2,12.9,25.3,45.9,21.3,21.1,53.3,40.6,84.2,16,46.4,84.5,19.6,37.8,44.8,7,84.7,28.9
47157022310,47157022310,TN,Tennessee,Memphis,77.7,35.7,8.5,11.5,5.7,73.5,4.9,61.1,17,25.4,9,13.7,28.3,41.5,21.7,23.7,54.5,42,84.2,17.6,48.5,84.2,20.7,40.3,46,7.1,83.8,31.9
47157022321,47157022321,TN,Tennessee,Memphis,77.6,33.1,9,10,5.1,75.1,4.3,62.1,18,26.7,7.6,13.1,26.6,45.1,19.8,20.7,51.4,39.4,85.4,16.8,48.3,85.2,18.8,36.7,45.9,6,82.9,26.7
47157022322,47157022322,TN,Tennessee,Memphis,79.3,35.4,9.2,9.8,6,79.7,4.3,66.2,19.7,29.5,8.1,12.5,24,50.5,20.5,18.1,53.8,41.3,85.5,14.8,46.5,84.9,18,34.6,44.4,6,85.2,22
47157022330,47157022330,TN,Tennessee,Memphis,78.2,34.2,9.4,9.9,5.7,76.2,4.3,65.2,18.6,28.4,8.1,12.8,25.1,48.2,20.1,20.3,52.7,41.1,84.8,15.6,46.1,84.1,18.2,36,44.6,6,84.2,24.9
47157022410,47157022410,TN,Tennessee,Memphis,78,33,10.1,8.9,5.9,79.2,3.9,66.7,21,31,7.5,12.1,23.2,53.5,18.1,17.9,51.3,40.1,84.5,14.3,43.6,84.7,16.6,32.5,43.2,5.2,84.3,21
47157022500,47157022500,TN,Tennessee,Memphis,75,32.1,10,9.8,5.3,74.8,4.1,61.5,20.6,28.6,7.9,12.2,25,47.7,18.2,21.6,48.5,39.9,84.3,16.1,45,84.6,18.3,34.9,43.3,5.5,82.3,25
47157022600,47157022600,TN,Tennessee,Memphis,72.5,25.4,11.6,8.1,3.9,68.8,3.1,60.2,23.1,30.1,5.2,12.8,27.3,47,13.3,22.8,41.8,34.2,83.9,17.4,44.1,84.5,16.3,32.9,44.9,3.9,75.9,23.7
47157022700,47157022700,TN,Tennessee,Memphis,77.5,34.9,8.8,11.3,5.4,74.5,4.7,60.5,17.2,25.8,8.4,13.7,28.5,42.4,21.1,22.5,52.6,40.8,84.7,17.8,48.6,84,20.5,39.3,46.2,6.7,83.4,29.7
47157980100,47157980100,TN,Tennessee,Memphis,60.8,25.5,13.6,12.4,2.6,56.3,3.5,33.9,,,6.3,12.7,44.4,28.6,14.4,31.8,40.4,35.7,84.1,24.8,48.3,81,23.4,42.7,46.5,4.9,71.1,
47157980200,47157980200,TN,Tennessee,Memphis,,,,,,,,,,,,,,,,,,,,,,,,,,,,
47157980400,47157980400,TN,Tennessee,Memphis,70.1,19.4,12.1,6.4,2.8,65.4,1.9,59.9,25.1,35.3,2.2,16.3,29.5,52.8,6.8,21.2,27.5,25.2,82.4,20.9,36.8,80.9,13.7,30.1,43.8,2,67.1,18.1